,Fighter_fullName
0,Tom Aaron
1,Danny Abbadi
2,Nariman Abbasov
3,David Abbott
4,Hamdy Abdelwahab
5,Shamil Abdurakhimov
6,Hiroyuki Abe
7,Daichi Abe
8,Papy Abedi
9,Ricardo Abreu
10,Klidson Abreu
11,Daniel Acacio
12,John Adajar
13,Scott Adams
14,Juan Adams
15,Anthony Adams
16,Zarrukh Adashev
17,Israel Adesanya
18,Sam Adkins
19,Nick Agallar
20,Mariya Agapova
21,Marcelo Aguiar
22,Fabio Aguiar
23,Edwin Aguilar
24,Jessica Aguilar
25,Kevin Aguilar
26,Jesus Aguilar
27,Christian Aguilera
28,Mike Aina
29,Ashiek Ajim
30,Hitomi Akano
31,Omari Akhmedov
32,Yoshihiro Akiyama
33,Rostem Akman
34,Razak Al-Hassan
35,Mostapha Al-Turk
36,Herdem Alacabek
37,Javi Alanis
38,
39,Amir Albazi
40,Brett Albee
41,John Albert
42,Junior Albini
43,Wes Albritton
44,Aleksandra Albu
45,Israel Albuquerque
46,Juan Alcain
47,Iuri Alcantara
48,Ildemar Alcantara
49,Alfonso Alcarez
50,Gilbert Aldana
51,Irene Aldana
52,Hector Aldana
53,Jose Alday
54,Jose Aldo
55,JJ Aldrich
56,Irina Alekseeva
57,Jim Alers
58,John Alessio
59,Houston Alexander
60,Kenneth Alexander
61,Lucas Alexander
62,Marcio Alexandre Junior
63,Olaf Alfonso
64,Pablo Alfonso
65,Levi Alford
66,Bill Algeo
67,Royce Alger
68,Amir Aliakbari
69,Sultan Aliev
70,Nurullo Aliev
71,Ikram Aliskerov
72,Leon Aliu
73,John Allan
74,George Allen
75,Arnold Allen
76,Brendan Allen
77,Ben Alloway
78,Ricardo Almeida
79,Magno Almeida
80,Thomas Almeida
81,Ericka Almeida
82,Estefani Almeida
83,Jailton Almeida
84,Lucas Almeida
85,Mauricio Alonso
86,Sarah Alpar
87,Ali AlQaisi
88,Rico Altamirano
89,Victor Altamirano
90,Mike Altman
91,Sean Alvarez
92,Eddie Alvarez
93,Jaime Alvarez
94,Joel Alvarez
95,Thiago Alves
96,Anthony Alves
97,Amilcar Alves
98,Warlley Alves
99,Rafael Alves
100,Sam Alvey
101,Andre Amado
102,Adlan Amagov
103,Maiara Amanajas dos Santos
104,Rayanne Amanda
105,Chris Amarante
106,Jimmy Ambriz
107,JJ Ambrose
108,Alen Amedovski
109,Makwan Amirkhani
110,Jaqueline Amorim
111,Bertrand Amoussou
112,Karl Amoussou
113,Eryk Anders
114,Matt Andersen
115,Andy Anderson
116,Lowell Anderson
117,Corey Anderson
118,Derek Anderson
119,Megan Anderson
120,Tatsuya Ando
121,Alex Andrade
122,Jessica Andrade
123,Viscardi Andrade
124,Jermaine Andre
125,Juan Andres Luna
126,Dylan Andrews
127,Reese Andy
128,
129,Julius Anglickas
130,Collin Anglin
131,Chad Anheliger
132,Yoji Anjo
133,Magomed Ankalaev
134,Gadzhimurad Antigulov
135,Adam Antolin
136,Angelo Antonio
137,Azunna Anyanwu
138,Shinsho Anzai
139,Shinya Aoki
140,
141,Josh Appelt
142,Erik Apple
143,Kenji Arai
144,Romie Aram
145,Felipe Arantes
146,Igor Araujo
147,Viviane Araujo
148,Julio Arce
149,Art Arciniega
150,Tristan Arenal
151,Dan Argueta
152,Hashem Arkhagha
153,Andrei Arlovski
154,Garrett Armfield
155,Joey Armstrong
156,Austin Arnett
157,Ricardo Arona
158,Chalid Arrab
159,Akbarh Arreola
160,Matt Arroyo
161,Antonio Arroyo
162,Gilles Arsene
163,Veta Arteaga
164,Cesar Arzamendia
165,Teddy Ash
166,Arman Ashimov
167,
168,Askar Askar
169,Askar Askarov
170,Cyril Asker
171,Khusein Askhabov
172,Scott Askham
173,Ben Askren
174,Ibo Aslan
175,Tom Aspinall
176,Bruno Assis
177,Junior Assuncao
178,Raphael Assuncao
179,Bazigit Atajev
180,Rich Attonito
181,Olivier Aubin-Mercier
182,Pat Audinwood
183,Jose Augusto
184,Marcus Aurelio
185,David Avellan
186,Blas Avena
187,Levi Avera
188,Anthony Avila
189,Chris Avila
190,Julia Avila
191,Saad Awad
192,Javy Ayala
193,Jessin Ayari
194,Abu Azaitar
195,Ottman Azaitar
196,Luiz Azeredo
197,Luciano Azevedo
198,Hunter Azure
199,
200,Niklas Backstrom
201,Seth Baczynski
202,Ryan Bader
203,Izabela Badurek
204,Miguel Baeza
205,Ali Bagautinov
206,Mehdi Baghdad
207,Melsik Baghdasaryan
208,Siyar Bahadurzada
209,Ignacio Bahamondes
210,Shamar Bailey
211,Jordan Bailey
212,Scott Baker
213,Bryan Baker
214,Jin Bala
215,
216,Oluwale Bamgbose
217,Stephen Banaszak
218,Marcin Bandel
219,Humberto Bandenay
220,Tae Hyun Bang
221,Yohan Banks
222,Antonio Banuelos
223,Renan Barao
224,Junior Barata
225,Maycee Barber
226,Bryan Barberena
227,Edson Barboza
228,Raoni Barcelos
229,Daniel Barez
230,Luke Barnatt
231,James Barnes
232,Nick Barnes
233,Shonte Barnes
234,Josh Barnett
235,Chris Barnett
236,Chris Barnhizer
237,David Baron
238,Phil Baroni
239,Dan Barrera
240,Carlos Barreto
241,Jose Barreto
242,Peter Barrett
243,Marc-Andre Barriault
244,David Barrios
245,Alexandre Barros
246,Ricardo Barros
247,Francimar Barroso
248,Pat Barry
249,Dean Barry
250,Enrique Barzola
251,Javid Basharat
252,Farid Basharat
253,Stephen Bass
254,Sean Bassett
255,Ryan Bastianelli
256,Shayna Baszler
257,Michel Batista
258,Bryan Battle
259,Alan Baudot
260,Mario Bautista
261,Chris Beal
262,Donovan Beard
263,Rudy Bears
264,Salvador Becerra
265,Ariel Beck
266,Jeff Bedard
267,Eric Bedard
268,Johnny Bedford
269,Chase Beebe
270,Lyle Beerbohm
271,Allan Begosso
272,Mirsad Bektic
273,Diana Belbita
274,Alan Belcher
275,Vitor Belfort
276,Rodolfo Bellato
277,Danilo Belluardo
278,Joey Beltran
279,Marco Beltran
280,Joseph Benavidez
281,Mike Bencic
282,Dave Beneteau
283,Karla Benitez
284,Gabriel Benitez
285,Charles Bennett
286,Josh Bennett
287,DeAnna Bennett
288,Lance Benoist
289,Joe Benoit
290,Ryan Benoit
291,Pat Benson
292,Len Bentley
293,Steve Berger
294,Kenneth Bergh
295,Bret Bergmark
296,Keith Berish
297,Dennis Bermudez
298,Manny Bermudez
299,Talita Bernardo
300,Dave Berry
301,Keith Berry
302,Dieusel Berto
303,Edson Berto
304,Allen Berube
305,Anton Berzin
306,Scott Bessac
307,Matt Bessette
308,Khadzhi Bestaev
309,Fernando Bettega
310,Arjan Bhullar
311,KB Bhullar
312,Bibulatov Magomed
313,David Bielkheden
314,Blake Bilder
315,Jonas Bilharinho
316,Jeremiah Billington
317,Scott Bills
318,Anthony Birchak
319,Chris Birchler
320,Michael Bisping
321,Amaury Bitetti
322,Caio Bittencourt
323,Simon Biyong
324,Jan Blachowicz
325,Jason Black
326,Brad Blackburn
327,Jason Blackford
328,Tom Blackledge
329,Sherrard Blackledge
330,Da'Mon Blackshear
331,Erin Blanchfield
332,Maximo Blanco
333,David Blanco
334,Curtis Blaydes
335,Tereza Bleda
336,Arlene Blencowe
337,Byron Bloodworth
338,Dashawn Boatwright
339,Dan Bobish
340,Mark Bocek
341,Kyle Bochniak
342,James Bochnovic
343,Jeremy Boczulak
344,Tim Boetsch
345,Galore Bofando
346,Jay Bogan
347,Roman Bogatov
348,Derek Bohi
349,Jerry Bohlander
350,Mandy Bohm
351,Kotetsu Boku
352,Kyle Bolt
353,Denys Bondar
354,Luc Bondole
355,Tony Bonello
356,Gabriel Bonfim
357,Ismael Bonfim
358,Jesse Bongfeldt
359,Marcos Bonilla
360,Stephan Bonnar
361,Rogerio Bontorin
362,Ray Borg
363,Igor Borisov
364,Calen Born
365,Caio Borralho
366,Zachary Borrego
367,Viacheslav Borshchev
368,Tanner Boser
369,Steve Bosse
370,Marcus Bossett
371,Chris Bostick
372,Poliana Botelho
373,Francois Botha
374,Gregory Bouchelaghem
375,Roy Boughton
376,Rich Bouphanouvong
377,Mike Bourke
378,Jess Bouscal
379,Tai Bowden
380,Melton Bowen
381,Kyron Bowen
382,Brian Bowles
383,Roger Bowling
384,Blake Bowman
385,Ashe Bowman
386,Anvar Boynazarov
387,Colley Bradford
388,Kyle Bradley
389,Paul Bradley
390,Sean Brady
391,Ebenezer Fontes Braga
392,Ramiz Brahimaj
393,Joe Brammer
394,David Branch
395,Diego Brandao
396,Bruna Brasil
397,Michael Bravo
398,Martin Bravo
399,Mike Breeden
400,Tom Breese
401,Chris Brennan
402,Charlie Brenneman
403,Robert Breslin
404,Mack Brewer
405,Marcos Brigagao
406,Jason Brilz
407,Marcus Brimage
408,Aaron Brink
409,Henry Briones
410,Marcelo Brito
411,Joanderson Brito
412,Antwain Britt
413,Drew Brokenshire
414,Mike Bronzoulis
415,Jonathan Brookins
416,Will Brooks
417,Jarred Brooks
418,Rob Broughton
419,Lee Brousseau
420,Matt Brown
421,Mike Brown
422,Dominic Brown
423,Todd Brown
424,Terrell Brown
425,Chris Brown
426,Frederick Brown
427,Randy Brown
428,Damien Brown
429,TJ Brown
430,Humberto Brown Morrison
431,Travis Browne
432,Junie Browning
433,Jules Bruchez
434,Justin Bruckmann
435,Cody Brundage
436,Steve Bruno
437,Fernando Bruno
438,Derek Brunson
439,Josh Bryant
440,Dennis Bryant
441,Lukasz Brzeski
442,Justin Buchholz
443,Zak Bucia
444,Courtney Buck
445,Joaquin Buckley
446,Martin Buday
447,Julia Budd
448,Mike Budnik
449,Francisco Bueno
450,Mayra Bueno Silva
451,Paul Buentello
452,Modestas Bukauskas
453,Lee Kwan Bum
454,Josh Bumgarner
455,Shawn Bunch
456,Shane Burgos
457,Joshua Burkman
458,Justin Burlinson
459,Mads Burnell
460,Mikey Burnett
461,Kevin Burns
462,Gilbert Burns
463,Josh Burns
464,Herbert Burns
465,Derrick Burnsed
466,Nah-Shon Burrell
467,Martin Buschkamp
468,George Bush
469,Bubba Bush
470,Dakota Bush
471,Murilo Bustamante
472,Nick Bustamante
473,Eduardo Bustillos
474,Jason Butcher
475,Todd Butler
476,Goldman Butler
477,Ian Butler
478,Raphael Butler
479,JP Buys
480,Dennis Buzukja
481,Charles Byrd
482,Steve Byrnes
483,Michael Byrnes
484,
485,Yan Cabral
486,Alvin Cacdac
487,Alex Caceres
488,Vince Cachero
489,Priscila Cachoeira
490,Travis Calanoc
491,Ricky Calatayud
492,Darrion Caldwell
493,Taylor Callens
494,Cynthia Calvillo
495,Joe Camacho
496,Frank Camacho
497,Fabricio Camoes
498,Chris Camozzi
499,Brian Camozzi
500,Ricky Camp
501,Mike Campbell
502,Thomas Campbell
503,Shane Campbell
504,Charlie Campbell
505,John Campetella
506,Wagner Campos
507,Derek Campos
508,Will Campuzano
509,Aleksa Camur
510,Chico Camus
511,Asbel Cancio
512,Carlos Candelario
513,Ronaldo Candido
514,Luiz Cane
515,Guido Cannetti
516,Jared Cannonier
517,Jose Canseco
518,Cody Canterbury
519,Bo Cantrell
520,Steve Cantwell
521,Paul Capaldo
522,Phil Caracappa
523,Frank Caracci
524,Gina Carano
525,Dos Caras Jr.
526,Bryan Caraway
527,Remo Cardarelli
528,Phil Cardella
529,Edgar Cardenas
530,Chris Cariaso
531,Ronald Carillo
532,Rafael Carino
533,Don Carlo-Clauss
534,Antonio Carlos Junior
535,Spike Carlyle
536,Francis Carmont
537,Liz Carmouche
538,Roan Carneiro
539,Ariane Carnelossi
540,Luana Carolina
541,Tim Caron
542,Clayton Carpenter
543,Gabriel Carrasco
544,Cody Carrillo
545,Cain Carrizosa
546,Roger Carroll
547,Jonny Carson
548,Scott Carson
549,Shonie Carter
550,Jack Cartwright
551,Bruno Carvalho
552,Antonio Carvalho
553,Rafael Carvalho
554,Shane Carwin
555,Johnny Case
556,Kevin Casey
557,Cortney Casey
558,Brandon Cash
559,Bendy Casimir
560,Dwayne Cason
561,Joe Cason
562,John Castaneda
563,Eric Castile
564,Gil Castillo
565,Danny Castillo
566,Raul Castillo
567,Jenna Castillo
568,Tim Catalfo
569,Nick Catone
570,Luke Caudillo
571,Gesias Cavalcante
572,Rafael Cavalcante
573,Magnus Cedenblad
574,Yosdenis Cedeno
575,Henry Cejudo
576,Adam Cella
577,Vinicius Cenci
578,Donald Cerrone
579,Jared Chaffee
580,Luan Chagas
581,Edgar Chairez
582,Ansar Chalangov
583,Alex Chambers
584,Michael Chandler
585,Chelsea Chandler
586,Donnie Chappell
587,Joe Charles
588,Dan Charles
589,Ernest Chavez
590,Emilio Chavez
591,Danny Chavez
592,Gabriel Checco
593,Albert Cheng
594,Fabio Cherant
595,Ion Cherdivara
596,Mark Cherico
597,Macy Chiasson
598,Michael Chiesa
599,Giga Chikadze
600,Khamzat Chimaev
601,Sako Chivitchian
602,Mu Bae Choi
603,Hong Man Choi
604,Dooho Choi
605,SeungWoo Choi
606,SeungGuk Choi
607,John Cholish
608,Ryo Chonan
609,Katlyn Chookagian
610,Will Chope
611,Joachim Christensen
612,Dan Christison
613,Anthony Christodoulou
614,Murad Chunkaiev
615,Cameron Church
616,Steven Ciaccio
617,Mike Ciesnolevicz
618,Hannah Cifers
619,Branko Cikatic
620,Nikolajus Cilkinas
621,Misha Cirkunov
622,Johnny Cisneros
623,Laverne Clark
624,Logan Clark
625,Mychal Clark
626,Dominic Clark
627,Heather Clark
628,Devin Clark
629,Jessica-Rose Clark
630,John Clarke
631,Mitch Clarke
632,Rich Clementi
633,Chris Clements
634,RJ Clifford
635,Josh Clopton
636,Brian Cobb
637,Darryl Cobb
638,Dave Cochran
639,Dakota Cochrane
640,Marloes Coenen
641,Marc Cofer
642,John Cofer
643,Chris Coggins
644,Felipe Colares
645,Wayne Cole
646,Devin Cole
647,Coltin Cole
648,Ivan Cole
649,Mark Coleman
650,Cortez Coleman
651,Clay Collard
652,Jamie Colleen
653,Jake Collier
654,Christian Colombo
655,Willian Colorado
656,Wes Combs
657,Carlos Condit
658,Chris Condo
659,Montserrat Conejo
660,Tristan Connelly
661,Marcos Conrado Jr.
662,Jeremiah Constant
663,Jonathan Contrestano
664,Bob Cook
665,Mike Cook
666,Chad Cook
667,TJ Cook
668,Dewey Cooper
669,Brett Cooper
670,Bill Cooper
671,Bobby Cooper
672,Amanda Cooper
673,Kit Cope
674,Chris Cope
675,Josh Copeland
676,Michael Cora
677,Akira Corassani
678,Muhsin Corbbrey
679,Daniel Cormier
680,Clint Coronel
681,Henry Corrales
682,Bethe Correia
683,Wesley Correira
684,Waldo Cortes-Acosta
685,Tracy Cortez
686,Reyes Cortez
687,Chad Corvin
688,Louis Cosce
689,Orion Cosce
690,Miguel Cosio
691,Jadson Costa
692,Guilherme Costa
693,Paulo Costa
694,Randy Costa
695,Alessandro Costa
696,Oscar Cota
697,Patrick Cote
698,JC Cottrell
699,JR Coughran
700,Rashad Coulter
701,Dave Courchaine
702,Randy Couture
703,Kim Couture
704,Ryan Couture
705,Nikk Covert
706,Colby Covington
707,Hailey Cowan
708,Jeff Cox
709,Nathan Coy
710,Andrew Craig
711,Paul Craig
712,Dan Cramer
713,Alberto Crane
714,Tim Credeur
715,Paul Creighton
716,Alexander Crispim
717,Alex Crispin
718,Kevin Croom
719,Ken Cross
720,Jeff Crotty
721,Allen Crowder
722,Daron Cruickshank
723,Richard Crunkilton
724,Jimmy Crute
725,Marcio Cruz
726,Dominick Cruz
727,Aalon Cruz
728,Jay Cucciniello
729,Emilio Cuellar
730,Josh Culibao
731,Chris Culley
732,Abel Cullum
733,Zak Cummings
734,Everett Cummings
735,Patrick Cummins
736,Luke Cummo
737,Hugo Cunha
738,Alton Cunningham
739,Santo Curatolo
740,Larry Cureton
741,Jeff Curran
742,Kailin Curran
743,Pat Curran
744,Chris Curtis
745,Ion Cutelaba
746,Gleidson Cutis
747,
748,Sarah D'alelio
749,Marcos da Matta
750,Henrique da Silva
751,Alex Da Silva
752,Daniel Da Silva
753,Henrique Da Silva Lopes
754,Nicolas Dalby
755,Paul Daley
756,Dave Dalgliesh
757,Richard Dalton
758,Aisling Daly
759,Marko Damiani
760,Leonardo Damiani
761,Rodrigo Damm
762,Carina Damm
763,Batgerel Danaa
764,Cindy Dandois
765,Jarjis Danho
766,Raymond Daniels
767,Marques Daniels
768,Alexandre Dantas
769,Eduardo Dantas
770,Mac Danzig
771,Karen Darabedyan
772,Beneil Dariush
773,Sean Daugherty
774,Kyle Daukaus
775,Chris Daukaus
776,Brian Davidson
777,Rick Davis
778,Marcus Davis
779,LC Davis
780,Phil Davis
781,Lemont Davis
782,Mike Davis
783,Justin Davis
784,Alexis Davis
785,Danny Davis
786,Brandon Davis
787,Mike Davis
788,Hakeem Dawodu
789,Grant Dawson
790,Jason Day
791,Martin Day
792,Angel De Anda
793,Yorgan De Castro
794,Geraldo de Freitas
795,Philip De Fries
796,Chris de la Rocha
797,Montana De La Rosa
798,Mark De La Rosa
799,Mike de la Torre
800,Rodrigo de Lima
801,Edilberto de Oliveira
802,Johil de Oliveira
803,Jorge de Oliveira
804,Isabela de Padua
805,Gloria de Paula
806,Germaine de Randamie
807,Crezio de Souza
808,Tom DeBlass
809,Issac DeJesus
810,Rafael Del Real
811,Shane del Rosario
812,Wallen Del Rosario
813,Humberto DeLeon
814,Rolando Delgado
815,Israel Delgado
816,Ante Delija
817,Jack Della Maddalena
818,Roland Delorme
819,Jon Delos Reyes
820,Jason DeLucia
821,Justin DeMoney
822,Vanessa Demopoulos
823,Chris Dempsey
824,Nick Denis
825,Thomas Denny
826,Robert Densley
827,Jason Dent
828,Mackenzie Dern
829,Booker DeRousse
830,Tony DeSouza
831,Cory Devela
832,John Devine
833,Edwin DeWees
834,Alessio Di Chirico
835,Micol Di Segni
836,Cyrille Diabate
837,Thomas Diagne
838,Marc Diakiese
839,Tyler Diamond
840,Blood Diamond
841,Eldo Xavier Dias
842,Rafael Dias
843,Hacran Dias
844,Nick Diaz
845,Nate Diaz
846,Michael Diaz
847,Ryan Diaz
848,Adrian Diaz
849,Ozzy Diaz
850,Mark Dickman
851,Josh Diekmann
852,Kyle Dietz
853,Seth Dikun
854,TJ Dillashaw
855,Ralph Dillon
856,Drew Dimanlig
857,Rodolfo Marques Diniz
858,Helio Dipp
859,Rico DiSciullo
860,Matt Dixon
861,John Dixson
862,Anthony Do
863,Russell Doane
864,Drew Dober
865,Shana Dobson
866,AJ Dobson
867,David Dodd
868,John Dodson
869,Joe Doerksen
870,Mike Dolce
871,Roman Dolidze
872,Cameron Dollar
873,CB Dollaway
874,Dennis Dombrow
875,OJ Dominguez
876,John Donaldson
877,Cody Donovan
878,Houston Dorr
879,Rafael Dos Anjos
880,Junior Dos Santos
881,Geronimo dos Santos
882,Antonio Dos Santos
883,Anderson Dos Santos
884,Acacio Dos Santos
885,Tiago dos Santos e Silva
886,Oleksandr Doskalchuk
887,David Douglas
888,Damion Douglas
889,Cedric Doumbe
890,John Dowdy
891,Jordan Dowdy
892,Danny Downes
893,Derek Downey
894,John Doyle
895,Edson Drago
896,Kyle Driscoll
897,Chris Drumm
898,Tomasz Drwal
899,Robert Drysdale
900,Dricus Du Plessis
901,Hugo Duarte
902,Antonio Duarte
903,Joe Duarte
904,Emily Ducote
905,Viktoriia Dudakova
906,Milana Dudieva
907,Adin Duenas
908,Todd Duffee
909,Joe Duffy
910,Alexis Dufresne
911,Jessamyn Duke
912,Kelly Dullanty
913,Sedriques Dumas
914,Norma Dumont
915,Chris Duncan
916,Evan Dunham
917,Alex Dunworth
918,Tom Duquesnoy
919,Albert Duraev
920,Reuben Duran
921,Cody Durden
922,Luiz Dutra
923,Rilley Dutro
924,Bill Duvall
925,Merab Dvalishvili
926,David Dvorak
927,Matt Dwyer
928,Rolando Dy
929,
930,Ben Earwood
931,Cody East
932,Marvin Eastman
933,Mike Easton
934,Maurice Eazel
935,Vincent Eazelle
936,Ross Ebanez
937,Brian Ebersole
938,Roybert Echeverria
939,Mark Eddiva
940,Frankie Edgar
941,Abdul-Kerim Edilov
942,Johnny Eduardo
943,Yves Edwards
944,Justin Edwards
945,Leon Edwards
946,Te Edwards
947,Adli Edwards
948,Joselyne Edwards
949,Tom Egan
950,Stephanie Egger
951,Justin Eilers
952,Jon Olav Einemo
953,Per Eklund
954,John Elam
955,Evan Elder
956,John Paul Elias
957,Joao Elias
958,Saul Elizondo
959,Darren Elkins
960,Jake Ellenberger
961,Joe Ellenberger
962,Tim Elliott
963,Eddy Ellis
964,Lisa Ellis
965,Anna Elmose
966,Cameron Else
967,Aaron Ely
968,Sovannahry Em
969,Ramazan Emeev
970,Aleksander Emelianenko
971,Fedor Emelianenko
972,Rob Emerson
973,Jamall Emmers
974,Josh Emmett
975,Marius Enache
976,Kevin Engel
977,Kolton Englund
978,Oliver Enkamp
979,Alex Enlund
980,Kenny Ento
981,Ian Entwistle
982,Andy Enz
983,Won Jin Eoh
984,Josh Epps
985,Stephen Erczeg
986,Tom Erikson
987,Konstantin Erokhin
988,Julian Erosa
989,Jarno Errens
990,Nick Ertl
991,Chel Erwin-Davis
992,Bobby Escalante
993,Eric Esch
994,Pro Escobedo
995,Cole Escovedo
996,Efrain Escudero
997,Evan Esguerra
998,Carla Esparza
999,Juan Espino
1000,Jordan Espinosa
1001,Jodie Esquibel
1002,Rafael Estevam
1003,Achilles Estremadura
1004,Shaun Etchell
1005,Terry Etim
1006,Fred Ettish
1007,Scott Ettling
1008,Sijara Eubanks
1009,Billy Evangelista
1010,Rashad Evans
1011,Doug Evans
1012,Ashlee Evans-Smith
1013,Dan Evensen
1014,Tonya Evinger
1015,Movsar Evloev
1016,Andre Ewell
1017,Neal Ewing
1018,Jessica Eye
1019,
1020,Edward Faaloloto
1021,Urijah Faber
1022,Melinda Fabian
1023,Wagnney Fabiano
1024,Bartosz Fabinski
1025,Ron Faircloth
1026,Jason Fairn
1027,Zarah Fairn
1028,Rinat Fakhretdinov
1029,Maiquel Falcao
1030,Pedro Falcao
1031,Brodie Farber
1032,Joao Paulo Faria
1033,Kalindra Faria
1034,Chance Farrar
1035,Rico Farrington
1036,Kelly Faszholz
1037,Rodney Faverus
1038,Paul Felder
1039,Carlos Felipe
1040,JP Felty
1041,Kevin Ferguson
1042,Rhadi Ferguson
1043,Tony Ferguson
1044,Josh Ferguson
1045,CJ Fernandes
1046,Bibiano Fernandes
1047,Alexandre Ferreira
1048,Cezar Ferreira
1049,Diego Ferreira
1050,Erisson Ferreira
1051,Brunno Ferreira
1052,Scott Ferrozzo
1053,Timo Feucht
1054,Andre Fialho
1055,Drew Fickett
1056,Scott Fiedler
1057,Ron Fields
1058,Michal Figlak
1059,Deiveson Figueiredo
1060,Francisco Figueiredo
1061,Anthony Figueroa
1062,Edwin Figueroa
1063,Paulo Filho
1064,Jafel Filho
1065,Andre Fili
1066,Mirko Filipovic
1067,Brady Fink
1068,Jesse Finney
1069,Jan Finney
1070,Luigi Fioravanti
1071,Manon Fiorot
1072,Luiz Firmino
1073,Spencer Fisher
1074,Chris Fishgold
1075,Bryanna Fissori
1076,Jon Fitch
1077,Isi Fitikefu
1078,Rafael Fiziev
1079,Colin Fletcher
1080,AJ Fletcher
1081,Jimmy Flick
1082,Luke Flores
1083,Ty Flores
1084,Alejandro Flores
1085,Kenny Florian
1086,Darrius Flowers
1087,Cody Floyd
1088,Bobby Flynn
1089,Caros Fodor
1090,Mal Foki
1091,Matt Foki
1092,AJ Fonseca
1093,Rob Font
1094,Claudionor Fontinelle
1095,Jesse Forbes
1096,Sterling Ford
1097,Codale Ford
1098,Jussier Formiga
1099,Renee Forte
1100,Brianna Fortino
1101,Marcel Fortuna
1102,Brian Foster
1103,Xavier Foupa-Pokam
1104,Mason Fowler
1105,Brandon Foxworth
1106,Hermes Franca
1107,Glaico Franca Moreira
1108,Francisco France
1109,John Franchi
1110,Rich Franklin
1111,Zoila Frausto
1112,Stephanie Frausto
1113,Zane Frazier
1114,Gary Frazier
1115,Justin Frazier
1116,Ian Freeman
1117,Jason Freeman
1118,Willamy Freire
1119,Patricio Freire
1120,Patricky Freire
1121,Jeremy Freitag
1122,Rafael Freitas
1123,Donavon Frelow
1124,Josh Fremd
1125,Clay French
1126,Mike French
1127,Matt Frevola
1128,Jinh Yu Frey
1129,Artem Frolov
1130,Sarah Frota
1131,Don Frye
1132,Tony Fryklund
1133,Adam Fugitt
1134,Jesse Fujarczyk
1135,Katsuhisa Fujii
1136,Megumi Fujii
1137,Kazuyuki Fujita
1138,Keisuke Fujiwara
1139,Riki Fukuda
1140,Masio Fullen
1141,Travis Fulton
1142,Sam Fulton
1143,Masakatsu Funaki
1144,Ricardo Funch
1145,Katsuaki Furuki
1146,
1147,James Gabert
1148,Gustavo Gabriel
1149,Claudia Gadelha
1150,Alavutdin Gadjiev
1151,Justin Gaethje
1152,Sheila Gaff
1153,Muin Gafurov
1154,Mitch Gagnon
1155,Brandon Gaines
1156,Travis Galbraith
1157,Dave Galera
1158,Zelg Galesic
1159,Mickey Gall
1160,Daniel Gallemore
1161,Tom Gallicchio
1162,Turrell Galloway
1163,Eric Galvan
1164,Andre Galvao
1165,Marcos Galvao
1166,Lucas Gamaza
1167,Joey Gambino
1168,Manvel Gamburyan
1169,Mateusz Gamrot
1170,Shamil Gamzatov
1171,Ariel Gandulla
1172,Ciryl Gane
1173,Sean Gannon
1174,Eduardo Garagorri
1175,Cody Garbrandt
1176,Leonard Garcia
1177,Edgar Garcia
1178,Alejandro Garcia
1179,Alex Garcia
1180,Nick Garcia
1181,Steve Garcia
1182,Elias Garcia
1183,Rafa Garcia
1184,Fernie Garcia
1185,Rulon Gardner
1186,David Gardner
1187,Ian Garry
1188,Pablo Garza
1189,Azamat Gashimov
1190,Brian Gassaway
1191,Kelvin Gastelum
1192,Willie Gates
1193,Melissa Gatto
1194,Louis Gaudinot
1195,Manuel Gaxhja
1196,Charlene Gellner
1197,Chad George
1198,Paul Georgieff
1199,Brian Geraghty
1200,Derek Getzel
1201,Karine Gevorgyan
1202,Darrel Gholar
1203,Tiki Ghosn
1204,Christos Giagos
1205,Joe Giannetti
1206,Nick Gibbons
1207,James Giboo
1208,Lance Gibson
1209,Lee Gibson
1210,Cody Gibson
1211,Chase Gibson
1212,Kenny Giddens
1213,Thomas Gifford
1214,Joseph Gigliotti
1215,Joey Gilbert
1216,Trevin Giles
1217,Kultar Gill
1218,Jesse Gillespie
1219,Gregor Gillespie
1220,Jason Gilliam
1221,Micheal Gillmore
1222,Krishaun Gilmore
1223,Alex Gilpin
1224,Bob Gilstrap
1225,Demetrius Gioulacos
1226,Billy Giovanella
1227,He-Man Gipson
1228,Israel Giron
1229,Brandon Girtz
1230,Jason Glaza
1231,Mike Glenn
1232,Ricky Glenn
1233,Mark Godbeer
1234,Clint Godfrey
1235,Loopy Godinez
1236,Jason Godsey
1237,Allan Goes
1238,Billy Goff
1239,Amiran Gogoladze
1240,Jonny Goh
1241,Hannah Goldy
1242,Marcelo Golm
1243,Denise Gomes
1244,Sergio Gomez
1245,Frank Gomez
1246,Alan Gomez
1247,David Gomez
1248,Ulysses Gomez
1249,Joey Gomez
1250,Luis Gomez
1251,Joey Gomez
1252,Edson Gomez
1253,Silvana Gomez Juarez
1254,Takanori Gomi
1255,William Gomis
1256,Akihiro Gono
1257,Gabriel Gonzaga
1258,Justin Gonzales
1259,Fernando Gonzalez
1260,Nick Gonzalez
1261,Fabian Gonzalez
1262,Lewis Gonzalez
1263,Jason Gonzalez
1264,Pearl Gonzalez
1265,Jorge Gonzalez
1266,Mikey Gonzalez
1267,Erick Gonzalez
1268,Jennifer Gonzalez
1269,Kier Gooch
1270,Lyman Good
1271,Jared Gooden
1272,Gary Goodridge
1273,Jordan Goodwin
1274,Gerard Gordeau
1275,Eddie Gordon
1276,Jared Gordon
1277,Tebaris Gordon
1278,Malcolm Gordon
1279,Tresean Gore
1280,Alex Gorgees
1281,Themba Gorimbo
1282,Tim Gorman
1283,Chase Gormley
1284,Jonathan Goulet
1285,Thibault Gouti
1286,Wilson Gouveia
1287,Todd Gouwenberg
1288,Hugo Govea
1289,Justin Governale
1290,Damian Grabowski
1291,Royce Gracie
1292,Crosley Gracie
1293,Daniel Gracie
1294,Ralph Gracie
1295,Renzo Gracie
1296,Rickson Gracie
1297,Rodrigo Gracie
1298,Royler Gracie
1299,Ryan Gracie
1300,Ralek Gracie
1301,Rolles Gracie
1302,Cesar Gracie
1303,Roger Gracie
1304,Igor Gracie
1305,Neiman Gracie
1306,Kron Gracie
1307,Steven Graham
1308,Scott Graham
1309,Miranda Granger
1310,TJ Grant
1311,Davey Grant
1312,Dwight Grant
1313,Alexa Grasso
1314,Tony Gravely
1315,Michael Graves
1316,Shelton Graves
1317,James Gray
1318,Kevin Gray
1319,Sam Greco
1320,Bobby Green
1321,Desmond Green
1322,Gabe Green
1323,Maurice Greene
1324,Matt Grice
1325,Forrest Griffin
1326,Tyson Griffin
1327,Max Griffin
1328,Jordan Griffin
1329,Chad Griggs
1330,Chuck Grigsby
1331,Rodrigo Gripp de Sousa
1332,Maxim Grishin
1333,Josh Grispi
1334,Garrett Gross
1335,Kendall Grove
1336,Neil Grove
1337,Chris Gruetzemacher
1338,Vik Grujic
1339,Mike Grundy
1340,Wang Guan
1341,Nandor Guelmino
1342,Fabricio Guerreiro
1343,Shannon Gugerty
1344,Clay Guida
1345,Jason Guida
1346,Melvin Guillard
1347,Chris Guillen
1348,Marcelo Guimaraes
1349,Leonardo Guimaraes
1350,Brad Gumm
1351,John Gunderson
1352,John Gunther
1353,Jorge Gurgel
1354,Fabio Gurgel
1355,Gugun Gusman
1356,Andre Gusmao
1357,Alexander Gustafsson
1358,Justin Guthrie
1359,Horacio Gutierrez
1360,Chris Gutierrez
1361,Mando Gutierrez
1362,Mike Guymon
1363,
1364,Chelsea Hackett
1365,Keith Hackney
1366,Jake Hadley
1367,Steve Hadsel
1368,Damir Hadzovic
1369,Tim Hague
1370,Yazan Hajeh
1371,Stoney Hale
1372,Kevin Haley
1373,Mark Hall
1374,Uriah Hall
1375,Ryan Hall
1376,Dennis Hallman
1377,Piotr Hallmann
1378,Tony Halme
1379,Brandon Halsey
1380,John Halverson
1381,Seo Hee Ham
1382,Frank Hamaker
1383,Kazuhiro Hamanaka
1384,Matt Hamill
1385,Jeremy Hamilton
1386,Anthony Hamilton
1387,CJ Hamilton
1388,Jared Hamman
1389,James Hammortree
1390,Dean Hancock
1391,Joachim Hansen
1392,Kay Hansen
1393,Nasrat Haqparast
1394,Janay Harding
1395,Antoni Hardonk
1396,Dan Hardy
1397,Greg Hardy
1398,Baru Harn
1399,Scott Harper
1400,Gerry Harris
1401,Gerald Harris
1402,Phil Harris
1403,Walt Harris
1404,Dhafir Harris
1405,Trevor Harris
1406,Carlston Harris
1407,Collin Hart
1408,Dale Hartt
1409,Luke Hartwig
1410,Clay Harvison
1411,Hidehiko Hasegawa
1412,Chris Haseman
1413,Takayo Hashi
1414,Tomohiko Hashimoto
1415,Justin Haskins
1416,Hayder Hassan
1417,Ahmad Hassanzada
1418,Daiki Hata
1419,John Hathaway
1420,Phil Hawes
1421,Justin Hawes
1422,Chris Hawk
1423,Del Hawkins
1424,Tommy Hayden
1425,Mike Hayes
1426,Ryan Hayes
1427,Gerric Hayes
1428,Josh Haynes
1429,Dustin Hazelett
1430,James Head
1431,Pat Healy
1432,Ryan Healy
1433,Spencer Hearns
1434,David Heath
1435,Chris Heatherly
1436,Jake Hecht
1437,Nick Hein
1438,Ian Heinisch
1439,Marcin Held
1440,Delson Heleno
1441,Matt Helm
1442,Elisha Helsper
1443,Dan Henderson
1444,Benson Henderson
1445,Ron Henderson
1446,Josh Hendricks
1447,Johny Hendricks
1448,Cory Hendricks
1449,Luis Henrique
1450,Jose Henrique
1451,Diego Henrique da Silva
1452,Danny Henry
1453,Victor Henry
1454,TJ Hepburn
1455,Jai Herbert
1456,Ed Herman
1457,Dave Herman
1458,Jack Hermansson
1459,Noe Hernandez
1460,Joe Hernandez
1461,Ramiro Hernandez
1462,Alexander Hernandez
1463,Anthony Hernandez
1464,Nohelin Hernandez
1465,Carlos Hernandez
1466,Paul Herrera
1467,Chris Herrera
1468,Geane Herrera
1469,Alvaro Herrera Mendoza
1470,Felice Herrig
1471,Heath Herring
1472,Jon Hess
1473,Clint Hester
1474,Brandon Hester
1475,Jimy Hettes
1476,Conor Heun
1477,Marcus Hicks
1478,Jay Hieron
1479,Brady Hiestand
1480,Lee Higgins
1481,Jason High
1482,Richie Hightower
1483,Alex Higley
1484,Corey Hill
1485,Isaiah Hill
1486,Angela Hill
1487,Tyler Hill
1488,Jamahal Hill
1489,Kailan Hill
1490,Branden Lee Hinkle
1491,Hatsu Hioki
1492,Alan Hiro
1493,Kuniyoshi Hironaka
1494,Mizuto Hirota
1495,Yuji Hisamatsu
1496,Kwan Ho Kwak
1497,Matt Hobar
1498,Bobby Hoffman
1499,Sam Hoger
1500,Andrew Holbrook
1501,Sean Holden
1502,Chris Holdsworth
1503,Kevin Holland
1504,Roger Hollett
1505,Max Holloway
1506,Gabrielle Holloway
1507,Jeremie Holloway
1508,Holly Holm
1509,Rex Holman
1510,Joseph Holmes
1511,Kurt Holobaugh
1512,Paddy Holohan
1513,Ben Holscher
1514,Mark Holst
1515,Scott Holtzman
1516,Sabah Homasi
1517,Mark Hominick
1518,Barb Honchak
1519,Chris Honeycutt
1520,JunYoung Hong
1521,Satoshi Honma
1522,David Hood
1523,Lorenzo Hood
1524,Dan Hooker
1525,Chase Hooper
1526,Darrell Horcher
1527,Moti Horenstein
1528,Yoshinori Horie
1529,Kyoji Horiguchi
1530,Yuma Horiuchi
1531,Jeremy Horn
1532,Matt Horning
1533,Chris Horodecki
1534,Jamey-Lyn Horth
1535,Matt Horwich
1536,John Hosman
1537,Saeed Hosseini
1538,Jeff Hougland
1539,Trey Houston
1540,Jamie Houston
1541,Brian Houston
1542,Harold Howard
1543,John Howard
1544,Shane Howell
1545,Hu Yaozong
1546,Carlos Huachin
1547,Brady Huang
1548,Austin Hubbard
1549,Collin Huckbody
1550,Alex Huddleston
1551,Roger Huerta
1552,Casey Huffman
1553,Matt Hughes
1554,Mark Hughes
1555,Jeff Hughes
1556,Sam Hughes
1557,David Hulett
1558,Bryan Humes
1559,Abongo Humphrey
1560,Harry Hunsucker
1561,Mark Hunt
1562,Alex Hunter
1563,Adam Hunter
1564,Joe Hurley
1565,Solomon Hutcherson
1566,Young Hwang
1567,
1568,Al Iaquinta
1569,Khadis Ibragimov
1570,Minoki Ichihara
1571,Dan Ige
1572,Valeri Ignatov
1573,Sergey Ignatov
1574,Fabiano Iha
1575,Seichi Ikemoto
1576,Mikhail Iloukhine
1577,Zelim Imadaev
1578,Yusuke Imamura
1579,Masakazu Imanari
1580,Nassourdine Imavov
1581,Brad Imes
1582,Chris Indich
1583,Chris Inman
1584,Guto Inocente
1585,Enson Inoue
1586,Egan Inoue
1587,Katsuya Inoue
1588,Takeshi Inoue
1589,Naoki Inoue
1590,Inoue Mizuki
1591,Jorge Interiano
1592,Jason Ireland
1593,James Irvin
1594,Eric Irvin
1595,Mitsuhiro Ishida
1596,Teruto Ishihara
1597,Satoshi Ishii
1598,Yuki Ishikawa
1599,Eiji Ishikawa
1600,Tokimitsu Ishizawa
1601,Damir Ismagulov
1602,Wallid Ismail
1603,Leandro Issa
1604,Blagoy Ivanov
1605,Anthony Ivy
1606,Tomomi Iwama
1607,Tatsuya Iwasaki
1608,Yoislandy Izquierdo
1609,Hiroshi Izumi
1610,
1611,Yves Jabouin
1612,Kevin Jackson
1613,Eugene Jackson
1614,Quinton Jackson
1615,Jeremy Jackson
1616,Damon Jackson
1617,Kenyon Jackson
1618,Mike Jackson
1619,Jason Jackson
1620,Montel Jackson
1621,Eric Jacob
1622,Richard Jacobi
1623,Dustin Jacoby
1624,Justin James
1625,Nate James
1626,Virna Jandiroba
1627,Ryan Janes
1628,Josh Janousek
1629,Dave Jansen
1630,Jaime Jara
1631,Gigo Jara
1632,Keith Jardine
1633,Brock Jardine
1634,Josh Jarvis
1635,Rony Jason
1636,Jasmine Jasudavicius
1637,Louis Jauregui
1638,Yazmin Jauregui
1639,Justin Jaynes
1640,Joanna Jedrzejczyk
1641,Aaron Jeffery
1642,Trent Jenkins
1643,Bubba Jenkins
1644,Adrienna Jenkins
1645,Brandon Jenkins
1646,Jack Jenkins
1647,Steve Jennum
1648,Ryan Jensen
1649,Kyle Jensen
1650,Chan-Mi Jeon
1651,Maciej Jewtuszko
1652,Ronald Jhun
1653,Gilbert Jimenez
1654,Art Jimmerson
1655,Ryan Jimmo
1656,Jinensibieke Asikeerbai
1657,Sung Bin Jo
1658,Carls John De Tomas
1659,Phil Johns
1660,Brett Johns
1661,Miles Johns
1662,Anthony Johnson
1663,DaMarques Johnson
1664,Devin Johnson
1665,Travis Johnson
1666,Ricky Johnson
1667,Tony Johnson
1668,Lavar Johnson
1669,Demetrious Johnson
1670,Michael Johnson
1671,Deshaun Johnson
1672,Kajan Johnson
1673,Dashon Johnson
1674,Timothy Johnson
1675,Tony Johnson
1676,Jordan Johnson
1677,Taylor Johnson
1678,Chad Johnson
1679,Jose Johnson
1680,Charles Johnson
1681,Brian Johnston
1682,Liana Jojua
1683,Daniel Jolly
1684,Paul Jones
1685,Jon Jones
1686,Nathan Jones
1687,Marcus Jones
1688,Carlton Jones
1689,Jesse Jones
1690,Tito Jones
1691,Roy Jones
1692,Justin Jones
1693,Ben Jones
1694,Victor Jones
1695,Chris Jones
1696,Roshaun Jones
1697,Jamelle Jones
1698,Antonio Jones
1699,Trevin Jones
1700,Mason Jones
1701,Jocelyn Jones-Lybarger
1702,Kevin Jordan
1703,Joe Jordan
1704,Shawn Jordan
1705,Ivan Jorge
1706,Scott Jorgensen
1707,Gareth Joseph
1708,Dwight Joseph
1709,Jeff Joslin
1710,Krzysztof Jotko
1711,Alan Jouban
1712,Charles Jourdain
1713,Mike Joy
1714,Dustin Joynson
1715,Tony Juarez
1716,Jesse Juarez
1717,Anshul Jubli
1718,Steve Judson
1719,Luke Jumeau
1720,Bu-Kyung Jung
1721,Chan Sung Jung
1722,Young Sam Jung
1723,Da-Un Jung
1724,Scott Junk
1725,Myles Jury
1726,Cristiane Justino
1727,
1728,Patrick Kaase
1729,Emily Kagan
1730,Oron Kahlon
1731,Sirwan Kakai
1732,Saidyokub Kakhramonov
1733,Geza Kalman
1734,Bryson Kamaka
1735,Kai Kamaka
1736,Martin Kampmann
1737,Bharat Kandare
1738,Hiromitsu Kanehara
1739,Masanori Kanehara
1740,Ken Kaneko
1741,Denis Kang
1742,Kyung Ho Kang
1743,Manel Kape
1744,David Kaplan
1745,Kai Kara-France
1746,Georgi Karakhanyan
1747,Alex Karalexis
1748,Impa Kasanganay
1749,Jinnosuke Kashimura
1750,Nadia Kassem
1751,Yusuke Kasuya
1752,Tetsuji Kato
1753,Hisaki Kato
1754,Brad Katona
1755,Calvin Kattar
1756,Sarah Kaufman
1757,Yusuke Kawaguchi
1758,Canaan Kawaihae
1759,Tatsuya Kawajiri
1760,Ryo Kawamura
1761,Doug Kay
1762,Toshiomi Kazama
1763,Julie Kedzie
1764,Ryan Keenan
1765,CJ Keith
1766,Chris Kelades
1767,Brian Kelleher
1768,Mayana Kellem
1769,Tony Kelley
1770,Paul Kelly
1771,John Kelly
1772,Daniel Kelly
1773,Tim Kennedy
1774,Steve Kennedy
1775,Jeremy Kennedy
1776,Waylon Kennell
1777,Casey Kenney
1778,Maimaitituoheti Keremuaili
1779,Aurelijus Kerpe
1780,Mark Kerr
1781,Will Kerr
1782,Ron Keslar
1783,Rustam Khabilov
1784,Adam Khaliev
1785,Sergey Khandozhko
1786,Sergei Kharitonov
1787,Alfred Khashakyan
1788,Aliaskhab Khizriev
1789,WonBin Ki
1790,Pannie Kianzad
1791,Akira Kikuchi
1792,Katsunori Kikuno
1793,Sanae Kikuta
1794,Jacob Kilburn
1795,Dong Hyun Kim
1796,Jin Oh Kim
1797,Dae Won Kim
1798,Jong Wang Kim
1799,Jong Won Kim
1800,Min Soo Kim
1801,Jong Man Kim
1802,Ji Yeon Kim
1803,MinWoo Kim
1804,HanSeul Kim
1805,KyeungPyo Kim
1806,Jeremy Kimball
1807,Rob Kimmons
1808,Dustin Kimura
1809,Taiei Kin
1810,Mike King
1811,Kyle Kingsbury
1812,Yusaku Kinoshita
1813,Kamuela Kirk
1814,Yurij Kiseliov
1815,Justine Kish
1816,Koji Kitao
1817,Satoru Kitaoka
1818,Top Noi Kiwram
1819,Ludovit Klein
1820,Seth Kleinbeck
1821,Stefan Klever
1822,Felix Klinkhammer
1823,Drakkar Klose
1824,Michael Knaap
1825,Kevin Knabjian
1826,Jason Knight
1827,William Knight
1828,Josefine Knutsson
1829,Isao Kobayashi
1830,Kelly Kobold
1831,Erik Koch
1832,Sokun Koh
1833,Shingo Kohara
1834,Brad Kohler
1835,Charlie Kohler
1836,Tsuyoshi Kohsaka
1837,Kaloyan Kolev
1838,John Kolosci
1839,Yuki Kondo
1840,Syuri Kondo
1841,Cheick Kongo
1842,Andrei Kopylov
1843,Roman Kopylov
1844,Bruno Korea
1845,Andrey Koreshkov
1846,Josh Koscheck
1847,Naoyuki Kotani
1848,Ilya Kotau
1849,Iouri Kotchkine
1850,Matt Kovacs
1851,Marcus Kowal
1852,Karolina Kowalkiewicz
1853,Steve Kozola
1854,Derrick Krantz
1855,James Krause
1856,Pascal Krauss
1857,Rene Kronvold
1858,Jorgen Kruth
1859,Nikita Krylov
1860,Mariusz Ksiazkiewicz
1861,Junya Kudo
1862,John Kuhner
1863,Michael Kuiper
1864,Anton Kuivanen
1865,Maiju Kujala
1866,Aleksei Kunchenko
1867,Rizvan Kuniev
1868,Keigo Kunihara
1869,Kiichi Kunimoto
1870,Yana Kunitskaya
1871,Leo Kuntz
1872,Korey Kuppe
1873,Ramazan Kuramagomedov
1874,Tsuyoshi Kurihara
1875,Eldari Kurtanidze
1876,Kyle Kurtz
1877,Guram Kutateladze
1878,Lina Kvokov
1879,Kaleo Kwan
1880,Jarrod Kwitty
1881,Mike Kyle
1882,
1883,Achmed Labasanov
1884,Josh LaBerge
1885,Jeremiah Labiano
1886,Kemran Lachinov
1887,Aspen Ladd
1888,Ryan LaFlare
1889,Ben Lagman
1890,Noad Lahat
1891,Tina Lahdemaki
1892,Yohan Lainesse
1893,Tim Lajcik
1894,Todd Lally
1895,Sean Lally
1896,Ricardo Lamas
1897,Jason Lambert
1898,Jose Landi-Jons
1899,Nate Landwehr
1900,Austen Lane
1901,Aaron Lanfranco
1902,Jeremy Lang
1903,Lionel Lanham
1904,Lina Lansberg
1905,Taylor Lapilus
1906,Chad Laprise
1907,Anthony Lapsley
1908,TJ Laramie
1909,Icho Larenas
1910,Lorenz Larkin
1911,Jeremy Larsen
1912,Brock Larson
1913,Ryan Larson
1914,Bobby Lashley
1915,Ilir Latifi
1916,Sione Latu
1917,Jenel Lausa
1918,Joe Lauzon
1919,Dan Lauzon
1920,Sandra Lavado
1921,Chatt Lavender
1922,Muhammed Lawal
1923,Robbie Lawler
1924,Tom Lawlor
1925,Justin Lawrence
1926,Lance Lawrence
1927,Ronnie Lawrence
1928,Eric Lawson
1929,Jimmy Lawson
1930,Valmir Lazaro
1931,Zviad Lazishvili
1932,Mounir Lazzez
1933,Cung Le
1934,Thanh Le
1935,Jordan Leavitt
1936,Jerome LeBanner
1937,Chris Leben
1938,Mickael Lebout
1939,Stephen Ledbetter
1940,Justin Ledet
1941,James Lee
1942,David Lee
1943,Jackie Lee
1944,Eun Soo Lee
1945,Tae Hyun Lee
1946,Tommy Lee
1947,Matt Lee
1948,Imani Lee
1949,Vaughan Lee
1950,Kevin Lee
1951,Rocky Lee
1952,Andrea Lee
1953,JeongYeong Lee
1954,Ricky Legere Jr.
1955,Sherron Leggett
1956,Cheyden Leialoha
1957,Claudia Leite
1958,Thales Leites
1959,Stefan Leko
1960,Gabe Lemley
1961,Amanda Lemos
1962,Giacomo Lemos
1963,Christophe Leninger
1964,Jesse Lennox
1965,Jean Francois Lenogue
1966,Nik Lentz
1967,Alberta Cerra Leon
1968,Victoria Leonardo
1969,Anthony Leone
1970,Chad Leonhardt
1971,Kimo Leopoldo
1972,Michael Lerma
1973,Lukasz Les
1974,Brock Lesnar
1975,Frank Lester
1976,Valerie Letourneau
1977,Leah Letson
1978,Justin Levens
1979,Marcus LeVesseur
1980,David Levicki
1981,Kyle Levinton
1982,Natan Levy
1983,John Lewis
1984,Derrick Lewis
1985,Bevon Lewis
1986,Brandon Lewis
1987,Malik Lewis
1988,Chi Lewis-Parry
1989,Li Jingliang
1990,Liang Na
1991,Jess Liaudin
1992,Chuck Liddell
1993,Rodrigo Lidio
1994,Sam Liera
1995,Zach Light
1996,Scott Lighty
1997,Chris Liguori
1998,Donnie Liles
1999,Jae Suk Lim
2000,Hyun Gyu Lim
2001,Juliana Lima
2002,Dhiego Lima
2003,Douglas Lima
2004,Mabelly Lima
2005,Miguel Linares
2006,Emiliano Linares
2007,Matt Lindland
2008,Jake Lindsey
2009,John Lineker
2010,Austin Lingo
2011,Lucio Linhares
2012,Philipe Lins
2013,Ariane Lipski
2014,Tainara Lisboa
2015,Dean Lister
2016,Wesley Little
2017,Abner Lloveras
2018,Brian Lo-A-Njoe
2019,John Lober
2020,Artem Lobov
2021,Dylan Lockard
2022,Sean Loeffler
2023,Christian Lohsen
2024,David Loiseau
2025,Hector Lombard
2026,Michael Lombardo
2027,Rocky Long
2028,Thomas Longacre
2029,Loma Lookboonmee
2030,Ange Loosa
2031,Lucas Lopes
2032,Dileno Lopes
2033,Diego Lopes
2034,Ivan Lopez
2035,Steve Lopez
2036,Federico Lopez
2037,Jorge Lopez
2038,Christopher Lopez
2039,Matthew Lopez
2040,Benito Lopez
2041,Gustavo Lopez
2042,Brendan Loughnane
2043,Nate Loughran
2044,Rashard Lovelace
2045,Ian Loveland
2046,Jakob Lovstad
2047,Waylon Lowe
2048,Brandon Lowe
2049,Joe Lowry
2050,Lu Kai
2051,Robert Lucarelli
2052,Matt Lucas
2053,Cleber Luciano
2054,Iasmin Lucindo
2055,Duane Ludwig
2056,Mike Lullo
2057,Dalcha Lungiambula
2058,Alexandru Lungu
2059,Vicente Luque
2060,Thaddeus Luster
2061,Travis Lutter
2062,Tucker Lutz
2063,Lv Zhenhong
2064,Stevie Lynch
2065,Adam Lynn
2066,Chris Lytle
2067,
2068,Dong Hyun Ma
2069,Pawan Maan
2070,William Macario
2071,Jason MacDonald
2072,Rob MacDonald
2073,Rory MacDonald
2074,Ryan MacDonald
2075,Veronica Macedo
2076,Clayton MacFarlane
2077,Ilima Macfarlane
2078,Valesca Machado
2079,Caio Machado
2080,Lyoto Machida
2081,War Machine
2082,Anthony Macias
2083,Pauline Macias
2084,Reza Madadi
2085,Don Madge
2086,Ryan Madigan
2087,Jon Madsen
2088,Mark Madsen
2089,Yoshiro Maeda
2090,Leonardo Mafra
2091,Vinny Magalhaes
2092,Vinicius Magalhaes
2093,Caio Magalhaes
2094,Bernardo Magalhaes
2095,Eric Magana
2096,Brandon Magana
2097,Angela Magana
2098,Neil Magny
2099,Ibragim Magomedov
2100,Rashid Magomedov
2101,Ruslan Magomedov
2102,Abus Magomedov
2103,Zabit Magomedsharipov
2104,John Maguire
2105,Lolohea Mahe
2106,Michelle Maher
2107,
2108,Bill Mahood
2109,Klayton Mai
2110,Demian Maia
2111,Jennifer Maia
2112,Nayara Maia
2113,Roshan Mainam
2114,Levan Makashvili
2115,John Makdessi
2116,Islam Makhachev
2117,Aliev Makhmud
2118,Zach Makovsky
2119,Jeremy Malaterre
2120,Fabio Maldonado
2121,Marvin Maldonado
2122,Bea Malecki
2123,Nazareno Malegarie
2124,Carl Malenko
2125,Jacob Malkoun
2126,Mike Malott
2127,Troy Mandaloniz
2128,Nate Maness
2129,Michael Mangan
2130,Gary Mangat
2131,Melvin Manhoef
2132,Melchor Manibusan
2133,Jon Manley
2134,Steve Mann
2135,Marnic Mann
2136,Chris Manuel
2137,Jimi Manuwa
2138,Cristiano Marcello
2139,Daniel Marcos
2140,Jose Maria
2141,Marcos Mariano
2142,Enrique Marin
2143,Ronny Markes
2144,Rory Markham
2145,Randa Markos
2146,Christina Marks
2147,Nate Marquardt
2148,Danilo Marques
2149,Julian Marquez
2150,Carmelo Marrero
2151,Cesar Marscucci
2152,John Marsh
2153,CJ Marsh
2154,Eliot Marshall
2155,Doug Marshall
2156,David Marshall
2157,Francis Marshall
2158,Jack Marshman
2159,Terry Martin
2160,Eric Martin
2161,Justin Martin
2162,Dave Martin
2163,Joe Martin
2164,Anthony Rocco Martin
2165,Mallory Martin
2166,Michal Martinek
2167,Rainy Martinez
2168,Danny Martinez
2169,Alonzo Martinez
2170,Henry Martinez
2171,Jonathan Martinez
2172,Poppies Martinez
2173,Andrew Martinez
2174,Mana Martinez
2175,Victor Martinez
2176,Roque Martinez
2177,Melissa Martinez
2178,Wagner da Conceicao Martins
2179,Adriano Martins
2180,Lucas Martins
2181,Max Martyniouk
2182,Bristol Marunde
2183,Shoji Maruyama
2184,Mike Massenzio
2185,Jameel Massouh
2186,Tiffany Masters
2187,Jorge Masvidal
2188,Al Matavao
2189,Tateki Matsuda
2190,Daijiro Matsui
2191,Koichiro Matsumoto
2192,Koyomi Matsushima
2193,Naoki Matsushita
2194,AJ Matthews
2195,Jake Matthews
2196,Connor Matthews
2197,Claudio Mattos
2198,John Matua
2199,Francesco Maturi
2200,Vladimir Matyushenko
2201,Miranda Maverick
2202,Nick Maximov
2203,Elaina Maxwell
2204,Jeremy May
2205,Jack May
2206,Don'Tale Mayes
2207,Gray Maynard
2208,Brooke Mayo
2209,Gina Mazany
2210,Sabina Mazo
2211,Scott McAfee
2212,Bobby McAndrews
2213,Michael McBride
2214,Ian McCall
2215,Molly McCann
2216,Charles McCarthy
2217,Sean McCorkle
2218,Kris McCray
2219,Tamdan McCrory
2220,Rob McCullough
2221,Justin McCully
2222,Robert McDaniel
2223,Michael McDonald
2224,Scott McDonald
2225,Michael McDonald
2226,Josh McDonald
2227,Miles McDonald
2228,Justin McElfresh
2229,Drew McFedries
2230,Liam McGeary
2231,Gan McGee
2232,Court McGee
2233,Ryan McGillivray
2234,Ryan McGivern
2235,Jack McGlaughlin
2236,Conor McGregor
2237,Greg McIntyre
2238,Antonio McKee
2239,AJ McKee
2240,Rhys McKee
2241,Cory McKenna
2242,Tim McKenzie
2243,Cody McKenzie
2244,Terrance McKinney
2245,Brian McLaughlin
2246,Jason McLean
2247,Garreth McLellan
2248,Sara McMann
2249,James McSweeney
2250,Charles McTorry
2251,Daniel McWilliams
2252,Tim Means
2253,Yancy Medeiros
2254,Anistavio Medeiros
2255,Kaline Medeiros
2256,Uros Medic
2257,Todd Medina
2258,Jason Medina
2259,Emil Meek
2260,Sanford Alton Meeks
2261,Gerald Meerschaert
2262,Frank Megallon
2263,Derrick Mehmen
2264,Miika Mehmet
2265,Jordan Mein
2266,Bryce Mejia
2267,Brian Melancon
2268,Brandon Melendez
2269,Gilbert Melendez
2270,Nair Melikyan
2271,Marcelo Mello
2272,Fabio Mello
2273,Vanessa Melo
2274,Antonio Mendes
2275,Chad Mendes
2276,Augusto Mendes
2277,Eddie Mendez
2278,Mateus Mendonca
2279,Luis Mendoza
2280,Pietro Menga
2281,Alonzo Menifield
2282,Ivan Menjivar
2283,Dave Menne
2284,Steve Mensing
2285,Buck Meredith
2286,Adam Meredith
2287,Joe Merritt
2288,Jeremiah Metcalf
2289,Jonathan Meunier
2290,Yaotzin Meza
2291,Guy Mezger
2292,Brandon Michaels
2293,Andreas Michailidis
2294,David Michaud
2295,Chris Mickle
2296,Zachary Micklewright
2297,Kristof Midoux
2298,Keith Mielke
2299,Chris Mierzwiak
2300,Gabriel Miglioli
2301,Bojan Mihajlovic
2302,Billy Miles
2303,Pat Miletich
2304,Curtis Millender
2305,Phillip Miller
2306,Jason Miller
2307,Dan Miller
2308,Jim Miller
2309,Cole Miller
2310,Henry Miller
2311,Micah Miller
2312,Aaron Miller
2313,Mo Miller
2314,Juliana Miller
2315,Eddy Millis
2316,Che Mills
2317,Adam Milstead
2318,Alberto Mina
2319,Vitaly Minakov
2320,Darrick Minner
2321,Mike Minniger
2322,Ikuhisa Minowa
2323,Carlton Minus
2324,Stipe Miocic
2325,Frank Mir
2326,Juan Miranda
2327,Mario Miranda
2328,Vitor Miranda
2329,Gabriel Miranda
2330,Damir Mirenic
2331,Kazuo Misaki
2332,Toby Misech
2333,Dokonjonosuke Mishima
2334,Felix Lee Mitchell
2335,David Mitchell
2336,Danny Mitchell
2337,Brad Mitchell
2338,Clay Mitchell
2339,Bryce Mitchell
2340,Maurice Mitchell
2341,Roman Mitichyan
2342,Matt Mitrione
2343,Eiji Mitsuoka
2344,Hiromitsu Miura
2345,Jonathan Mix
2346,Tomoya Miyashita
2347,Kazuyuki Miyata
2348,Motoki Miyazawa
2349,Takeya Mizugaki
2350,Tatsuya Mizuno
2351,Roxanne Modafferi
2352,Bobby Moffett
2353,Bronson Mohika
2354,Nate Mohr
2355,Renato Moicano
2356,Thiago Moises
2357,Muhammad Mokaev
2358,Ashkan Mokhtarian
2359,Suman Mokhtarian
2360,Dan Molina
2361,Jeff Molina
2362,Rudyard Moncayo
2363,Hidetaka Monma
2364,Jeff Monson
2365,Darrell Montague
2366,Andrew Montanez
2367,Augusto Montano
2368,Erick Montano
2369,Nicco Montano
2370,Alberto Montes
2371,Steve Montgomery
2372,James Moontasri
2373,Homer Moore
2374,Todd Moore
2375,Nate Moore
2376,Dustin Moore
2377,Taylor Moore
2378,Sergio Moraes
2379,Marlon Moraes
2380,Sheymon Moraes
2381,John Moraga
2382,Ricardo Morais
2383,Leonardo Morales
2384,Albert Morales
2385,Joseph Morales
2386,Vince Morales
2387,Omar Morales
2388,Michael Morales
2389,Sarah Moras
2390,Christian Morecraft
2391,Joe Moreira
2392,Richardson Moreira
2393,Gisele Moreira
2394,Vinicius Moreira
2395,Jesse Moreng
2396,Brandon Moreno
2397,Mike Moreno
2398,Dan Moret
2399,Sammy Morgan
2400,Peggy Morgan
2401,Alexander Morgan
2402,Alex Morono
2403,Maryna Moroz
2404,Sergey Morozov
2405,Brad Morris
2406,Scott Morris
2407,Anthony Morrison
2408,Jack Morrison
2409,Harry Moskowitz
2410,Juan Mott
2411,Nikolas Motta
2412,Flavio Luiz Moura
2413,Gegard Mousasi
2414,Kris Moutinho
2415,Kin Moy
2416,Jamie Moyle
2417,Askar Mozharov
2418,Garrett Mueller
2419,Lauren Mueller
2420,Belal Muhammad
2421,Fazlo Mulabitinovic
2422,Quinn Mulhern
2423,James Mulheron
2424,Jamie Mullarkey
2425,Jim Mullen
2426,Pedro Munhoz
2427,Andre Muniz
2428,Mark Munoz
2429,Alexander Munoz
2430,Johnny Munoz
2431,Andy Murad
2432,Olivier Murad
2433,Makhmud Muradov
2434,Kazunari Murakami
2435,Ryuichi Murata
2436,Kanako Murata
2437,Ailiya Muratbek
2438,Vince Murdock
2439,Samandar Murodov
2440,Tom Murphy
2441,Ian Murphy
2442,Jon Murphy
2443,Lauren Murphy
2444,Patrick Murphy
2445,Lerone Murphy
2446,Lee Murray
2447,Jesse Murray
2448,Khalid Murtazaliev
2449,Azamat Murzakanov
2450,Nicholas Musoke
2451,Andre Mussi
2452,Magomed Mustafaev
2453,Max Mustaki
2454,Elvis Mutapcic
2455,Fiona Muxlow
2456,Ho Bae Myeon
2457,
2458,Katsuhiko Nagata
2459,Yuji Nagata
2460,Greg Nagy
2461,Logan Nail
2462,Muhammad Naimov
2463,Yukiya Naito
2464,Andrews Nakahara
2465,Rin Nakai
2466,Kazuhiro Nakamura
2467,Keita Nakamura
2468,Daisuke Nakamura
2469,Yusaku Nakamura
2470,Rinya Nakamura
2471,Jutaro Nakao
2472,Yoshihiro Nakao
2473,Yui Chul Nam
2474,Tyson Nam
2475,Rose Namajunas
2476,Yasuhito Namekawa
2477,Nad Narimani
2478,Roger Narvaez
2479,Fabio Nascimento
2480,Allan Nascimento
2481,Rodrigo Nascimento
2482,Bobby Nash
2483,Reza Nasri
2484,Nasrudin Nasrudinov
2485,Pawel Nastula
2486,Rafael Natal
2487,Kevin Natividad
2488,Ismail Naurdiev
2489,Danny Navarro
2490,Marcio Navarro
2491,Tafon Nchukwi
2492,Dustin Neace
2493,Josh Neal
2494,Joe Neal
2495,Geoff Neal
2496,Stanislav Nedkov
2497,Josh Neer
2498,Nicolae Negumereanu
2499,Steve Nelmark
2500,Shane Nelson
2501,Roy Nelson
2502,Gunnar Nelson
2503,Kyle Nelson
2504,Lissette Neri
2505,Mario Neto
2506,Antonio Braga Neto
2507,Eduardo Neves
2508,Julio Cesar Neves Jr.
2509,Nick Newell
2510,Journey Newson
2511,Jeff Newton
2512,Carlos Newton
2513,Emanuel Newton
2514,Francis Ngannou
2515,Ben Nguyen
2516,Steven Nguyen
2517,Alex Nicholson
2518,Bo Nickal
2519,Mike Nickels
2520,Matheus Nicolau
2521,Jaimelene Nievera
2522,Khomkrit Niimi
2523,Tom Niinimaki
2524,Ramsey Nijem
2525,Hans Nijman
2526,Jack Nilson
2527,Mats Nilsson
2528,Guangyou Ning
2529,Soichi Nishida
2530,Yosuke Nishijima
2531,Yamato Nishikawa
2532,Akiyo Nishiura
2533,Anthony Njokuani
2534,Chidi Njokuani
2535,Derrick Noble
2536,Kyle Noblitt
2537,Pedro Nobre
2538,Jacob Noe
2539,Antonio Rodrigo Nogueira
2540,Rogerio Nogueira
2541,Alexandre Franca Nogueira
2542,Talita Nogueira
2543,Kyle Noke
2544,Nick Nolte
2545,KJ Noons
2546,Sage Northcutt
2547,Jan Nortje
2548,Scott Norton
2549,Shohei Nose
2550,Jonatas Novaes
2551,Jason Novelli
2552,Phillipe Nover
2553,Shayilan Nuerdanbieke
2554,Diego Nunes
2555,Amanda Nunes
2556,Nina Nunes
2557,Istela Nunes
2558,Josiane Nunes
2559,Khabib Nurmagomedov
2560,Said Nurmagomedov
2561,Abubakar Nurmagomedov
2562,Umar Nurmagomedov
2563,Kennedy Nzechukwu
2564,
2565,Jake O'Brien
2566,TJ O'Brien
2567,Sean O'Connell
2568,Dan O'Connor
2569,Sean O'Haire
2570,Sean O'Malley
2571,Jeremiah O'Neal
2572,Chuck O'Neil
2573,Casey O'Neill
2574,Brendan O'Reilly
2575,Takahiro Oba
2576,Nobuhiro Obiya
2577,Christian Ocon
2578,Richard Odoms
2579,Volkan Oezdemir
2580,Naoya Ogawa
2581,Trey Ogden
2582,Andy Ogle
2583,Ho Taek Oh
2584,Michiyoshi Ohara
2585,Koji Oishi
2586,Takayuki Okada
2587,Yushin Okami
2588,JJ Okanovich
2589,Kazuki Okubo
2590,Masakatsu Okuda
2591,Aleksei Oleinik
2592,Michal Oleksiejczuk
2593,Rafaello Oliveira
2594,Charles Oliveira
2595,Jorge Oliveira
2596,Ednaldo Oliveira
2597,Alex Oliveira
2598,Maria Oliveira
2599,Bruno Oliveira
2600,Saimon Oliveira
2601,Wendell Oliveira Marques
2602,Felipe Olivieri
2603,Andy Ologun
2604,Shana Olsen
2605,Casey Olson
2606,Dennis Olson
2607,Cameron Olson
2608,Gadzhi Omargadzhiev
2609,Alan Omer
2610,Daniel Omielanczuk
2611,Michihiro Omigawa
2612,David Onama
2613,Charlie Ontiveros
2614,Chibwikem Onyenegecha
2615,Sam Oropeza
2616,Brian Ortega
2617,Tito Ortiz
2618,Jorge Ortiz
2619,Dustin Ortiz
2620,Kenji Osawa
2621,Ode Osbourne
2622,Kurt Osiander
2623,Nick Osipczak
2624,Nissen Osterneck
2625,Rachael Ostovich
2626,Pedro Otavio
2627,Alexander Otsuka
2628,Takafumi Otsuka
2629,Zak Ottow
2630,Artur Oumakhanov
2631,Sidney Outlaw
2632,Alistair Overeem
2633,Valentijn Overeem
2634,Craig Oxley
2635,Shungo Oyama
2636,Alptekin Ozkilic
2637,
2638,Raquel Pa'aluhi
2639,Nick Pace
2640,Larissa Pacheco
2641,Teemu Packalen
2642,George Pacurariu
2643,Cyrillo Padilha
2644,Gary Padilla
2645,Fernando Padilla
2646,Damacio Page
2647,Michael Page
2648,Dustin Pague
2649,Josh Paiva
2650,Raulian Paiva
2651,Dinis Paiva Jr.
2652,Fredson Paixao
2653,Jose Palacios
2654,Ricky Palacios
2655,Bart Palaszewski
2656,Sasha Palatnikov
2657,Soa Palelei
2658,Rousimar Palhares
2659,Tulio Palhares
2660,Stephen Palling
2661,Eduardo Pamplona
2662,Alexandre Pantoja
2663,Jared Papazian
2664,Kathryn Paprocki
2665,Joe Pardo
2666,Bryan Pardoe
2667,Remco Pardoel
2668,Ido Pariente
2669,Josh Parisian
2670,Karo Parisyan
2671,Won Sik Park
2672,Junyong Park
2673,Harvey Park
2674,HyunSung Park
2675,Norman Parke
2676,Ryan Parker
2677,Larry Parker
2678,Tyra Parker
2679,Mick Parkin
2680,Willie Parks
2681,Jordan Parsons
2682,Preston Parsons
2683,Jonny Parsons
2684,Onassis Parungao
2685,Ramona Pascual
2686,Jhonoven Pati
2687,Jorge Patino
2688,Russell Patrick
2689,Claude Patrick
2690,Alan Patrick
2691,Michael Patt
2692,Justin Patterson
2693,Sam Patterson
2694,Zac Pauga
2695,Julio Paulino
2696,Thomas Paull
2697,Sergei Pavlovich
2698,Pawel Pawlak
2699,Estevan Payan
2700,Sarah Payant
2701,Roland Payne
2702,Jonathan Pearce
2703,Joe Pearson
2704,Ross Pearson
2705,Andre Pederneiras
2706,Carlo Pedersoli Jr.
2707,Matt Pedro
2708,Tyson Pedro
2709,Trevor Peek
2710,Willie Peeters
2711,Filip Pejic
2712,Kurt Pellegrino
2713,Yan Pellerin
2714,Julianna Pena
2715,Luis Pena
2716,Matej Penaz
2717,Sherman Pendergarst
2718,Drew Pendleton
2719,Cathal Pendred
2720,BJ Penn
2721,Jessica Penne
2722,Nick Penner
2723,Justin Pennington
2724,Raquel Pennington
2725,Jerron Peoples
2726,Godofredo Pepey
2727,Ray Perales
2728,Robert Peralta
2729,Viviane Pereira
2730,Michel Pereira
2731,Alex Pereira
2732,Daniel Pereira
2733,Rolando Perez
2734,Philip Perez
2735,Erik Perez
2736,Alejandro Perez
2737,Frankie Perez
2738,Jose Perez
2739,Alex Perez
2740,Markus Perez
2741,Ailin Perez
2742,Anthony Perosh
2743,Thiago Perpetuo
2744,Hernani Perpetuo
2745,Jay Perrin
2746,Mike Perry
2747,Raphael Pessoa
2748,Viktor Pesta
2749,Leiticia Pestova
2750,Tony Petarra
2751,Tommy Petersen
2752,Cory Peterson
2753,Steven Peterson
2754,Vitor Petrino
2755,Andre Petroski
2756,Armen Petrosyan
2757,Seth Petruzelli
2758,Peter Petties
2759,Anthony Pettis
2760,Sergio Pettis
2761,Forrest Petz
2762,Dino Pezao
2763,Cody Pfister
2764,Nam Phan
2765,Constantinos Philippou
2766,Wayne Phillips
2767,Dave Phillips
2768,Aaron Phillips
2769,Elizabeth Phillips
2770,John Phillips
2771,Kyler Phillips
2772,Nick Pica
2773,Adam Piccolotti
2774,Vinc Pichel
2775,Brad Pickett
2776,Jamie Pickett
2777,Oskar Piechota
2778,Nick Piedmont
2779,Mike Pierce
2780,Joao Pierini
2781,Sean Pierson
2782,Domingo Pilarte
2783,Paddy Pimblett
2784,Daniel Pineda
2785,Jesus Pinedo
2786,Pingyuan Liu
2787,Luana Pinheiro
2788,Gaetano Pirrello
2789,Maki Pitolo
2790,Dmitry Poberezhets
2791,Jamal Pogues
2792,Ross Pointon
2793,Dustin Poirier
2794,Igor Pokrajac
2795,John Polakowski
2796,Julia Polastri
2797,Brandon Polcare
2798,Mike Polchlopek
2799,Santiago Ponzinibbio
2800,Grigory Popov
2801,Alexander Poppeck
2802,Felipe Portela
2803,Parker Porter
2804,Ihor Potieria
2805,Callan Potter
2806,Dylan Potter
2807,Ruan Potts
2808,Devin Powell
2809,Marcin Prachnio
2810,Wagner Prado
2811,Trevor Prangley
2812,Ricardo Prasel
2813,Carlo Prater
2814,Michel Prazeres
2815,Philip Preece
2816,Kyle Prepolec
2817,Dorian Price
2818,Chris Price
2819,Niko Price
2820,Shane Primm
2821,Brent Primus
2822,Jiri Prochazka
2823,Lara Procopio
2824,Joe Proctor
2825,Cole Province
2826,Daniel Puder
2827,Lucie Pudilova
2828,Claudio Puelles
2829,Juan Puerta
2830,Bubba Pugh
2831,Juan Manuel Puig
2832,Hugh Pulley
2833,Josh Pulsifer
2834,Jens Pulver
2835,CM Punk
2836,Joe Pyfer
2837,Mike Pyle
2838,
2839,Qiu Lun
2840,Bao Quach
2841,Gary Quan
2842,Billy Quarantillo
2843,Nate Quarry
2844,Vinicius Queiroz
2845,Jimmy Quinlan
2846,Josh Quinlan
2847,Ryan Quinn
2848,Michel Quinones
2849,Landon Quinones
2850,Jose Quinonez
2851,Cristian Quinonez
2852,
2853,Benji Radach
2854,Jordan Radev
2855,Gilbert Rael
2856,Josh Rafferty
2857,Amir Rahnavardi
2858,Ricky Rainey
2859,Shavkat Rakhmonov
2860,Aleksandar Rakic
2861,Jessica Rakoczy
2862,Thomas Ramirez
2863,Hector Ramirez
2864,Matt Ramirez
2865,Steve Ramirez
2866,Amador Ramirez
2867,Andrew Ramm
2868,Ian Rammel
2869,Luis Ramos
2870,Ricardo Ramos
2871,Davi Ramos
2872,Vernon Ramos Ho
2873,Kevin Randleman
2874,Raou Raou
2875,Mitch Raposo
2876,Hussain Rasouli
2877,David Rasouri
2878,Ed Ratcliff
2879,Bec Rawlings
2880,Gideon Ray
2881,Joe Ray
2882,Stevie Ray
2883,Keenan Raymond
2884,Iony Razafiarison
2885,Abdul Razak Alhassan
2886,Antony Rea
2887,Mateusz Rebecki
2888,Rafael Rebello
2889,Greg Rebello
2890,Paul Redmond
2891,Dennis Reed
2892,Karl Reed
2893,Elise Reed
2894,John Reedy
2895,Johnny Rees
2896,James Reese
2897,Stephen Regman
2898,Chad Reiner
2899,Jason Reinhardt
2900,Wilson Reis
2901,Ben Reiter
2902,Goran Reljic
2903,Leigh Remedios
2904,Paulo Renato Junior
2905,Chance Rencountre
2906,Marion Reneau
2907,Solomon Renfro
2908,John Renken
2909,Herman Renting
2910,Marco Polo Reyes
2911,Dominick Reyes
2912,Alex Reyes
2913,Kyle Reyes
2914,Victor Reyna
2915,Gaston Reyno
2916,Johnny Rhodes
2917,Mike Rhodes
2918,Lucrezia Ria
2919,Amanda Ribas
2920,Vitor Ribeiro
2921,Will Ribeiro
2922,Claudio Ribeiro
2923,Esteban Ribovics
2924,Mike Ricci
2925,Alex Ricci
2926,Tabatha Ricci
2927,Matt Ricehouse
2928,John Richard
2929,Rex Richards
2930,Mike Richman
2931,Dave Rickels
2932,Brad Riddell
2933,Matthew Riddle
2934,Joe Riggs
2935,Jeremiah Riggs
2936,Aaron Riley
2937,Jason Riley
2938,Moise Rimbon
2939,Jordan Rinaldi
2940,Nick Ring
2941,Mike Rio
2942,Albert Rios
2943,Rafael Rios
2944,Maria Rios
2945,Shannon Ritch
2946,Diego Rivas
2947,Jorge Rivera
2948,Dante Rivera
2949,Mario Rivera
2950,Francisco Rivera
2951,Jonathan Rivera
2952,Jimmie Rivera
2953,Irwin Rivera
2954,Jerome Rivera
2955,Nicdali Rivera-Calanoc
2956,Pedro Rizzo
2957,Theo Rlayang
2958,Justin Robbins
2959,Kali Robbins
2960,Karl Roberson
2961,Andre Roberts
2962,David Roberts
2963,Joey Roberts
2964,Tyrone Roberts
2965,Ryan Roberts
2966,Taylor Roberts
2967,Daniel Roberts
2968,Buddy Roberts
2969,Danny Roberts
2970,Roosevelt Roberts
2971,Kenny Robertson
2972,Gillian Robertson
2973,Chad Robichaux
2974,Mark Robinson
2975,Colin Robinson
2976,Alvin Robinson
2977,Damonte Robinson
2978,Vagner Rocha
2979,Carlos Eduardo Rocha
2980,Keith Rockel
2981,Luke Rockhold
2982,Kevin Roddy
2983,Gregory Rodrigues
2984,Kleydson Rodrigues
2985,Paul Rodriguez
2986,Ricco Rodriguez
2987,Manuel Rodriguez
2988,Yair Rodriguez
2989,Mike Rodriguez
2990,Marina Rodriguez
2991,Daniel Rodriguez
2992,Ray Rodriguez
2993,Luis Rodriguez
2994,Drako Rodriguez
2995,Victor Rodriguez
2996,Piera Rodriguez
2997,Christian Rodriguez
2998,Pete Rodriguez
2999,Nick Roehrick
3000,Marcos Rogerio de Lima
3001,Brett Rogers
3002,Brian Rogers
3003,Pete Rogers Jr.
3004,Max Rohskopf
3005,Marcelo Rojo
3006,Shane Roller
3007,Jared Rollins
3008,Tim Roman
3009,Alexandr Romanov
3010,Ricardo Romero
3011,Yoel Romero
3012,Anthony Romero
3013,Kaleio Romero
3014,Mara Romero Borella
3015,Juancamilo Ronderos
3016,Rong Zhu
3017,Jesse Ronson
3018,George Roop
3019,Joao Roque
3020,Aaron Rosa
3021,Charles Rosa
3022,Karol Rosa
3023,Jacob Rosales
3024,Raul Rosas Jr.
3025,Hilarie Rose
3026,Jake Rosholt
3027,Jared Rosholt
3028,Kevin Rosier
3029,Zach Rosol
3030,Shannon Ross
3031,Nick Rossborough
3032,Kristian Rothaermel
3033,Ben Rothwell
3034,Rick Roufus
3035,Khalil Rountree Jr.
3036,Ronda Rousey
3037,Ray Routh
3038,Roberta Rovel
3039,Phil Rowe
3040,Kain Royer
3041,Brad Royster
3042,Brandon Royval
3043,Jairzinho Rozenstruik
3044,Mauricio Rua
3045,Murilo Rua
3046,Marco Ruas
3047,Rodrigo Ruas
3048,Rodolfo Rubio Perez
3049,Gabe Ruediger
3050,Eddie Ruiz
3051,Anthony Ruiz
3052,Paul Ruiz
3053,Mike Russow
3054,Bas Rutten
3055,Casey Ryan
3056,
3057,Yusup Saadulaev
3058,Cameron Saaiman
3059,Pete Sabala
3060,Danny Sabatello
3061,Pat Sabatini
3062,Amir Sadollah
3063,Nazim Sadykhov
3064,Frankie Saenz
3065,Saparbeg Safarov
3066,Tarec Saffiedine
3067,Jason Saggo
3068,Benoit Saint Denis
3069,Ovince Saint Preux
3070,Lukasz Sajewski
3071,Yukio Sakaguchi
3072,Augusto Sakai
3073,Alessio Sakara
3074,Wataru Sakata
3075,Gokhan Saki
3076,Kazushi Sakuraba
3077,Hayato Sakurai
3078,Ryuta Sakurai
3079,Justin Salas
3080,Ivan Salaverry
3081,Roman Salazar
3082,Luis Saldana
3083,John Salgado
3084,Muslim Salikhov
3085,Gabriel Salinas-Jones
3086,Brandon Saling
3087,Sean Salmon
3088,Boston Salmon
3089,John Salter
3090,Vinicius Salvador
3091,Josh Samman
3092,Johnny Sampaio
3093,Josh Sampo
3094,Josh San Diego
3095,Diego Sanchez
3096,Eddie Sanchez
3097,Julian Sanchez
3098,Bobby Sanchez
3099,Donald Sanchez
3100,Joby Sanchez
3101,Emmanuel Sanchez
3102,Erick Sanchez
3103,Andrew Sanchez
3104,Robert Sanchez
3105,Jesse Sanders
3106,Luke Sanders
3107,Jerrod Sanders
3108,Cory Sandhagen
3109,Hugo Sandoval
3110,Raul Sandoval
3111,Joseph Sandoval
3112,Hector Sandoval
3113,Chris Sanford
3114,Roldan Sangcha'an
3115,Yuhi Sano
3116,Martin Sano
3117,Jonathan Santa Maria
3118,Duda Santana
3119,Shaheen Santana
3120,Sean Santella
3121,Jorge Santiago
3122,Mike Santiago
3123,Will Santiago
3124,Richie Santiago
3125,Jose Santibanez
3126,Art Santore
3127,Adriano Santos
3128,Paulo Santos
3129,Evangelista Santos
3130,Luis Santos
3131,Iliarde Santos
3132,Leonardo Santos
3133,Thiago Santos
3134,Bruno Santos
3135,Andre Santos
3136,Gleristone Santos
3137,Taila Santos
3138,Marilia Santos
3139,Edivan Santos
3140,Daniel Santos
3141,Nick Sanzo
3142,Bob Sapp
3143,Daniel Sarafian
3144,Jeka Saragih
3145,Diego Saraiva
3146,Harris Sarmiento
3147,Alexander Sarnavskiy
3148,Yuki Sasaki
3149,Kyosuke Sasaki
3150,Yuta Sasaki
3151,Paul Sass
3152,Keisuke Sasu
3153,Masaaki Satake
3154,Takenori Sato
3155,Takashi Sato
3156,Jeimeson Saudino
3157,Tom Sauer
3158,Townsend Saunders
3159,Ben Saunders
3160,Chad W. Saunders
3161,Chris Saunders
3162,Lumumba Sayers
3163,Matt Sayles
3164,Brandon Sayles
3165,Mark Scanlon
3166,Eric Schafer
3167,Kerry Schall
3168,Eric Schambari
3169,Brendan Schaub
3170,Matheus Scheffel
3171,Antonio Schembri
3172,Fabiano Scherner
3173,Samy Schiavo
3174,Pat Schilling
3175,Joe Schilling
3176,Semmy Schilt
3177,Adam Schindler
3178,Daniel Schmitt
3179,Colleen Schneider
3180,Matt Schnell
3181,Alex Schoenauer
3182,Darrill Schoonover
3183,Bob Schrijber
3184,Nate Schroeder
3185,Lacey Schuckman
3186,Mark Schultz
3187,Brian Schwartz
3188,Eric Schwartz
3189,Justin Scoggins
3190,Brad Scott
3191,Greg Scott
3192,Mike Seal
3193,Matt Secor
3194,Kenneth Seegrist
3195,Neil Seery
3196,Rony Sefo
3197,Ray Sefo
3198,Brendan Seguin
3199,Tetsuya Seki
3200,Stefan Sekulic
3201,Pete Sell
3202,Matthew Semelsberger
3203,Andrei Semenov
3204,Mackens Semerzier
3205,Brandon Sene
3206,YeDam Seo
3207,Kim In Seok
3208,Ray Seraille
3209,Ivan Serati
3210,Alex Serdyukov
3211,Nicholas Sergiacomi
3212,Matt Serra
3213,Nick Serra
3214,Adrian Serrano
3215,Fredy Serrano
3216,Carl Seumanutafa
3217,Dan Severn
3218,Rosi Sexton
3219,Scott Shaffer
3220,Edmen Shahbazyan
3221,Leon Shahbazyan
3222,Don Shainis
3223,Liliya Shakirova
3224,Kamal Shalorus
3225,Ken Shamrock
3226,Frank Shamrock
3227,Shang Zhifa
3228,Jason Sharp
3229,Eric Shelton
3230,Sean Sherk
3231,Chase Sherman
3232,Valentina Shevchenko
3233,Antonina Shevchenko
3234,Katsuyori Shibata
3235,Jake Shields
3236,Henrique Shiguemoto
3237,Shunichi Shimizu
3238,Wade Shipp
3239,Raja Shippen
3240,Yuya Shirai
3241,Wes Shivers
3242,Alexander Shlemenko
3243,Josh Shockley
3244,Josh Shockman
3245,Akira Shoji
3246,Liudvik Sholinian
3247,Jack Shore
3248,Landon Showalter
3249,Ivan Shtyrkov
3250,Brandon Shuey
3251,Sam Sicilia
3252,Kiril Sidelnikov
3253,Steven Siler
3254,Siala Siliga
3255,Xavier Siller
3256,Assuerio Silva
3257,Anderson Silva
3258,Wanderlei Silva
3259,Thiago Silva
3260,Paulo Cesar Silva
3261,Jean Silva
3262,Edson Silva
3263,Sidney Silva
3264,Jay Silva
3265,Antonio Silva
3266,Fabio Silva
3267,Erick Silva
3268,Leandro Silva
3269,Claudio Silva
3270,Wagner Silva
3271,Rafael Silva
3272,Joaquim Silva
3273,Felipe Silva
3274,Dayana Silva
3275,Bruno Silva
3276,Bruno Silva
3277,Gabriel Silva
3278,Jacob Silva
3279,Natalia Silva
3280,Jansey Silva
3281,Maria Silva
3282,Karine Silva
3283,Erik Silva
3284,Douglas Silva de Andrade
3285,Leonardo Silva de Oliveira
3286,Marcus Silveira
3287,Elias Silverio
3288,Jamey Simmons
3289,Ricky Simon
3290,Aaron Simpson
3291,Wes Sims
3292,Marlon Sims
3293,Tony Sims
3294,Everett Sims
3295,Lodune Sincaid
3296,Rob Sinclair
3297,Rory Singer
3298,Elvis Sinosic
3299,Mitchell Sipe
3300,Gian Siqueira
3301,Jeremia Siregar
3302,AJ Siscoe
3303,Yokthai Sithoar
3304,Jeri Sitzes
3305,Dennis Siver
3306,Chas Skelly
3307,Matt Skelton
3308,Zach Skinner
3309,Brian Sleeman
3310,Joe Slick
3311,Ray Sloan
3312,Kestutis Smirnovas
3313,Maurice Smith
3314,Patrick Smith
3315,Scott Smith
3316,Eric Smith
3317,Josh Smith
3318,David Smith
3319,Adam Smith
3320,Dillon Smith
3321,Trevor Smith
3322,Anthony Smith
3323,Colton Smith
3324,Gilbert Smith
3325,Leslie Smith
3326,Devonte Smith
3327,Cole Smith
3328,Nate Smith
3329,Walter Smith-Cotito
3330,Justin Smitley
3331,Dmitrii Smoliakov
3332,Louis Smolka
3333,Shimon Smotritsky
3334,Richie Smullen
3335,Devin Smyth
3336,Denis Sobolev
3337,Peter Sobotta
3338,Renato Sobral
3339,Rameau Thierry Sokoudjou
3340,Joe Solecki
3341,Chris Solomon
3342,Joe Son
3343,Paul Song
3344,Song Kenan
3345,Song Yadong
3346,Chael Sonnen
3347,Cody Sons
3348,Jin Soo Son
3349,Emiliano Sordi
3350,Sean Soriano
3351,Punahele Soriano
3352,Dmitry Sosnovskiy
3353,Ben Sosoli
3354,Krzysztof Soszynski
3355,George Sotiropoulos
3356,Greg Soto
3357,Alex Soto
3358,Joe Soto
3359,Mario Soto
3360,Andre Soukhamthath
3361,Mario Sousa
3362,Bobby Southworth
3363,Jacare Souza
3364,Edimilson Souza
3365,Livinha Souza
3366,Bruno Souza
3367,Charon Spain
3368,Chris Spang
3369,Andreas Spang
3370,Ryan Spann
3371,Ron Sparks
3372,Tommy Speer
3373,Patrick Speight
3374,Sean Spencer
3375,Felicia Spencer
3376,Sam Spengler
3377,Nick Sperling
3378,Mario Sperry
3379,Eric Spicely
3380,Waachiim Spiritwolf
3381,Daniel Spitz
3382,Serghei Spivac
3383,Daniel Spohn
3384,Pete Spratt
3385,Austin Springer
3386,Georges St-Pierre
3387,Bobby Stack
3388,Andreas Stahl
3389,Ron Stallings
3390,Cody Stamann
3391,Cristina Stanciu
3392,Brian Stann
3393,Josh Stansbury
3394,Dion Staring
3395,Lucas Stark
3396,Clifford Starks
3397,Kalib Starnes
3398,Laureano Staropoli
3399,Damian Stasiak
3400,Adam Steele
3401,Dominique Steele
3402,Ricky Steele
3403,Eric Steenberg
3404,Steve Steinbeiss
3405,Ray Steinbeiss
3406,Dmitri Stepanov
3407,Jeremy Stephens
3408,Aljamain Sterling
3409,Marc Stevens
3410,Joe Stevenson
3411,Maia Stevenson
3412,Luke Stewart
3413,Darren Stewart
3414,Kyle Stewart
3415,Alex Stiebling
3416,Tyler Stinson
3417,Dan Stittgen
3418,Lazar Stojadinovic
3419,Denis Stojnic
3420,Julija Stoliarenko
3421,Dustin Stoltzfus
3422,Niklas Stolze
3423,Ken Stone
3424,Ryan Stonitsch
3425,George Stork
3426,Rick Story
3427,Darko Stosic
3428,Greg Stott
3429,Curtis Stout
3430,Sam Stout
3431,Tim Stout
3432,Jesse Strader
3433,Gennaro Strangis
3434,Dave Strasser
3435,Daniel Straus
3436,Gerald Strebendt
3437,Sean Strickland
3438,Mark Striegl
3439,Hans Stringer
3440,Stefan Struve
3441,Josh Stuart
3442,Mike Stumpf
3443,Kyle Sturgeon
3444,Tatiana Suarez
3445,Masanori Suda
3446,Genki Sudo
3447,Lucasz Sudolski
3448,Daisuke Sugie
3449,Takashi Sugiura
3450,Naho Sugiyuma
3451,George Sullivan
3452,Amar Suloev
3453,Magomed Sultanakhmedov
3454,Justin Sumter
3455,
3456,Rama Supandhi
3457,Aji Susilo
3458,Jason Suttie
3459,Joel Sutton
3460,Chad Sutton
3461,Danilo Suzart
3462,Martin Svensson
3463,Daniel Swain
3464,Cub Swanson
3465,Mike Swick
3466,Floyd Sword
3467,Oumar Sy
3468,Bentley Syler
3469,Kevin Syler
3470,Leo Sylvest
3471,Tony Sylvester
3472,Tim Sylvia
3473,Kevin Szaflarski
3474,
3475,Osamu Tachihikari
3476,Amber Tackett
3477,Eugenio Tadeu
3478,Justin Tafa
3479,Junior Tafa
3480,Khalid Taha
3481,Joe Taimanglo
3482,Tatsuro Taira
3483,Mairbek Taisumov
3484,Nobuhiko Takada
3485,Yoshiki Takahashi
3486,Yoko Takahashi
3487,Daiju Takase
3488,Hiroyuki Takaya
3489,Yoshihiro Takayama
3490,Makoto Takimoto
3491,Oleg Taktarov
3492,Nordine Taleb
3493,Tsuyoshi Tamakairiki
3494,Eli Tamez
3495,Kiyoshi Tamura
3496,Akitoshi Tamura
3497,Issei Tamura
3498,Jason Tan
3499,Akihito Tanaka
3500,Michinori Tanaka
3501,Evan Tanner
3502,Manny Tapia
3503,Gary Tapusoa
3504,Miesha Tate
3505,Deividas Taurosevicius
3506,Thiago Tavares
3507,Jeremy Tavares
3508,Brad Tavares
3509,Paul Taylor
3510,Jesse Taylor
3511,Torrance Taylor
3512,Louis Taylor
3513,Anthony Taylor
3514,Danielle Taylor
3515,J.T Taylor
3516,James Te Huna
3517,Shawn Teed
3518,Glover Teixeira
3519,John Teixeira
3520,Ewerton Teixeira
3521,Tra Telligman
3522,Taneisha Tennant
3523,Herman Terrado
3524,Dave Terrel
3525,David Terrell
3526,James Terry
3527,Jeff Terry
3528,David Teymur
3529,Daniel Teymur
3530,Motonobu Tezuka
3531,Jason Thacker
3532,Brandon Thatch
3533,Elias Theodorou
3534,Nik Theotikos
3535,Paulo Thiago
3536,Din Thomas
3537,Ryan Thomas
3538,Noah Thomas
3539,Joel Thomas
3540,Treston Thomison
3541,Nick Thompson
3542,James Thompson
3543,Oli Thompson
3544,Stephen Thompson
3545,Josh Thomson
3546,Simeon Thoresen
3547,Josh Thornburg
3548,Gleison Tibau
3549,Chris Tickle
3550,Nolan Ticman
3551,Darren Till
3552,Brett Tillis
3553,Denis Tiuliulin
3554,Ryan Tobar
3555,Andrew Todhunter
3556,Dusko Todorovic
3557,Tuco Tokkos
3558,Hideo Tokoro
3559,Anatoly Tokov
3560,Kazuki Tokudome
3561,Tyler Toner
3562,James Toney
3563,Masanori Tonooka
3564,Carl Toomey
3565,Ilia Topuria
3566,Anthony Torres
3567,Miguel Torres
3568,Ronys Torres
3569,Haven Torres
3570,Tecia Torres
3571,Alex Torres
3572,Abram Torres
3573,Jose Torres
3574,Desmond Torres
3575,Manuel Torres
3576,Salim Touahri
3577,Dequan Townsend
3578,Minoru Toyonaga
3579,Slim Trabelsi
3580,Roberto Traven
3581,Bryan Travers
3582,Alexander Trevino
3583,Francisco Trevino
3584,Angelo Trevino
3585,Frank Trigg
3586,Francisco Trinaldo
3587,Damien Trites
3588,Michael Trizano
3589,Antonio Trocoli
3590,Tor Troeng
3591,Aaron Trujillo
3592,Reynaldo Trujillo
3593,Abel Trujillo
3594,Arman Tsarukyan
3595,Chris Tuchscherer
3596,Jon Tuck
3597,Gavin Tucker
3598,Jumabieke Tuerxun
3599,Tom Tuggle
3600,Blair Tugman
3601,Tai Tuivasa
3602,Zubaira Tukhugov
3603,Teila Tuli
3604,Albert Tumenov
3605,Ricky Turcios
3606,Anton Turkalj
3607,Wellington Turman
3608,Courtney Turner
3609,Jalin Turner
3610,Austin Tweedy
3611,Marcin Tybura
3612,
3613,Takeru Uchida
3614,Alberto Uda
3615,Ryuki Ueyama
3616,Christian Uflacker
3617,Andy Uhrich
3618,Tagir Ulanbekov
3619,Carlos Ulberg
3620,Gasan Umalatov
3621,Jeremy Umphries
3622,Zach Underwood
3623,Caol Uno
3624,Kengo Ura
3625,Logan Urban
3626,Hector Urbina
3627,Elias Urbina
3628,Gilbert Urbina
3629,Nick Urso
3630,Yasuhiro Urushitani
3631,Sho Patrick Usami
3632,Kamaru Usman
3633,Mohammed Usman
3634,Darren Uyenoyama
3635,
3636,Richie Vaculik
3637,Egidijus Valavicius
3638,Genaro Valdez
3639,Charlie Valencia
3640,Victor Valenzuela
3641,Ivan Valenzuela
3642,Timur Valiev
3643,Victor Valimaki
3644,Andrew Valladerez
3645,Isaac Vallie-Flagg
3646,Mike van Arsdale
3647,Matt Van Buren
3648,Ron van Clief
3649,Lloyd Van Dams
3650,Cameron VanCamp
3651,Chad Vance
3652,Jared Vanderaa
3653,Austin Vanderford
3654,Lando Vannata
3655,Paige VanZant
3656,Paul Varelans
3657,Kazula Vargas
3658,Jamie Varner
3659,Guilherme Vasconcelos
3660,Linton Vassell
3661,Billy Vaughan
3662,Yuri Vaulin
3663,Javier Vazquez
3664,Manny Vazquez
3665,Matt Veach
3666,Joe Vedepo
3667,Kelly Velasco
3668,Cain Velasquez
3669,David Velasquez
3670,Bojan Velickovic
3671,Karlos Vemola
3672,Luigi Vendramini
3673,Jerrel Venetiaan
3674,Scott Ventimiglia
3675,Brandon Vera
3676,Kerry Vera
3677,Marlon Vera
3678,Ernie Verdicia
3679,Joe Veres
3680,Nikolay Veretennikov
3681,CJ Vergara
3682,Renato Verissimo
3683,Bryan Vetell
3684,Marvin Vettori
3685,Hugo Viana
3686,Guilherme Viana
3687,Polyana Viana
3688,Vitor Vianna
3689,James Vick
3690,Tamires Vidal
3691,Milton Vieira
3692,Reginaldo Vieira
3693,Ketlen Vieira
3694,Rodolfo Vieira
3695,Steve Vigneault
3696,Alejandro Villalobos
3697,DeMarco Villalona
3698,Gian Villante
3699,Ike Villanueva
3700,Ruben Villareal
3701,Armando Villarreal
3702,Pablo Villaseca
3703,Joey Villasenor
3704,Danillo Villefort
3705,Yuri Villefort
3706,Marcos Vinicius
3707,Brandon Visher
3708,Falaniko Vitale
3709,Cheyanne Vlismas
3710,Bobby Voelker
3711,Alexander Volkanovski
3712,Jacob Volkmann
3713,Alexander Volkov
3714,Jason Von Flue
3715,Milco Voorn
3716,Mark Vorgeas
3717,Igor Vovchanchyn
3718,
3719,James Wade
3720,Chris Wade
3721,Neil Wain
3722,TJ Waldburger
3723,Chase Waldon
3724,Andre Walker
3725,Herschel Walker
3726,Donny Walker
3727,Johnny Walker
3728,Brogan Walker
3729,Ben Wall
3730,Crafton Wallace
3731,Rodney Wallace
3732,Jeremy Wallace
3733,Randall Wallace
3734,James Wallace
3735,Jim Wallhead
3736,Cory Walmsley
3737,Richard Walsh
3738,Patrick Walsh
3739,Erick Wanderlei
3740,Dimitiri Wanderley
3741,Andy Wang
3742,Sai Wang
3743,Anying Wang
3744,Joshua Wang-Kim
3745,Curt Warburton
3746,Brennan Ward
3747,Charlie Ward
3748,Terrion Ware
3749,Joe Warren
3750,Brian Warren
3751,Merritt Warren
3752,Idris Wasi
3753,Kengo Watanabe
3754,Kazuhisa Watanabe
3755,Ron Waterman
3756,Andy Waters
3757,Dominic Waters
3758,Trey Waters
3759,Michelle Waterson-Gomez
3760,Sam Watford
3761,Blake Watkins
3762,Kyle Watson
3763,Maka Watson
3764,Walel Watson
3765,Tom Watson
3766,Enrique Watson
3767,Brok Weaver
3768,Jonavin Webb
3769,Stephanie Webber
3770,Royston Wee
3771,Darian Weeks
3772,Joshua Weems
3773,Daniel Weichel
3774,Chris Weidman
3775,Mark Weir
3776,Christian Wellisch
3777,Jeremiah Wells
3778,Fabricio Werdum
3779,Mike Wessel
3780,Dustin West
3781,Sheldon Westcott
3782,Aaron Wetherspoon
3783,Coty Wheeler
3784,Vernon White
3785,Steve White
3786,Alex White
3787,Craig White
3788,Patrik White
3789,Robert Whiteford
3790,Mike Whitehead
3791,Garett Whiteley
3792,Mitch Whitesel
3793,Emily Whitmire
3794,Robert Whittaker
3795,Josh Wick
3796,Adam Wieczorek
3797,Orlando Wiet
3798,Jonathan Wiezorek
3799,Justin Wilcox
3800,Joe Wilk
3801,Aaron Wilkinson
3802,Mike Wilkinson
3803,Rob Wilkinson
3804,James Wilks
3805,Tedd Williams
3806,Pete Williams
3807,Rubin Williams
3808,Carter Williams
3809,Patrick Williams
3810,Tim Williams
3811,Jordan Williams
3812,Cole Williams
3813,Khaos Williams
3814,Karl Williams
3815,Karl Willis
3816,Justin Willis
3817,Chris Wilson
3818,Greg Wilson
3819,Jonathan Wilson
3820,Sean Wilson
3821,Matt Wiman
3822,Eddie Wineland
3823,Deron Winn
3824,Andre Winner
3825,Eric Wisely
3826,Keith Wisniewski
3827,Jason Witt
3828,Travis Wiuff
3829,Ray Wizard
3830,Karolina Wojcik
3831,Danyelle Wolf
3832,Brandon Wolff
3833,Xue Do Won
3834,Joanne Wood
3835,Nathaniel Wood
3836,Tyron Woodley
3837,Salvador Woods
3838,Sean Woodson
3839,Cal Worsham
3840,Hunter Worsham
3841,Khama Worthy
3842,Eric Wray
3843,Justin Wren
3844,JW Wright
3845,Chris Wright
3846,Jordan Wright
3847,Marcin Wrzosek
3848,Wu Yanan
3849,
3850,
3851,Rubens Xavier
3852,Xiao Long
3853,Xie Bin
3854,
3855,Jamie Yager
3856,Eddie Yagin
3857,Rani Yahya
3858,Alexander Yakovlev
3859,Keiichiro Yamamiya
3860,Kenichi Yamamoto
3861,Yoshihisa Yamamoto
3862,Atsushi Yamamoto
3863,Norifumi Yamamoto
3864,Hiroko Yamanaka
3865,Goiti Yamauchi
3866,Takeshi Yamazaki
3867,Yan Xiaonan
3868,Petr Yan
3869,Yan Qihui
3870,Adam Yandiev
3871,Adrian Yanez
3872,Dongi Yang
3873,Jianping Yang
3874,Masutatsu Yano
3875,Emmanuel Yarborough
3876,Cale Yarbrough
3877,Tadao Yasuda
3878,Yoshiaki Yatsu
3879,Chris Yee
3880,Yi Zha
3881,Ashley Yoder
3882,Hirotaka Yokoi
3883,Kazunori Yokota
3884,John Yoo
3885,Sanghoon Yoo
3886,Dong Sik Yoon
3887,Yoshiyuki Yoshida
3888,Hidehiko Yoshida
3889,Kaitlin Young
3890,Artenus Young
3891,Trenell Young
3892,Jason Young
3893,Shane Young
3894,Shanna Young
3895,Besam Yousef
3896,Han Ten Yun
3897,Rob Yundt
3898,Sodiq Yusuff
3899,Gilbert Yvel
3900,
3901,Luke Zachrich
3902,Anton Zafir
3903,Aiemann Zahabi
3904,Joao Zaiden
3905,Youssef Zalal
3906,Elizeu Zaleski dos Santos
3907,Zach Zane
3908,Roger Zapata
3909,Marius Zaromskis
3910,David Zawada
3911,Joao Zeferino
3912,Daniel Zellhuber
3913,Craig Zellner
3914,Roman Zentsov
3915,Carlos Zevallos
3916,Zhang Tiequan
3917,Zhang Lipeng
3918,Zhang Weili
3919,Zhang Mingyang
3920,Yao Zhikui
3921,Zhalgas Zhumagulov
3922,Fares Ziam
3923,Mike Zichelle
3924,James Zikic
3925,Errol Zimmerman
3926,Cat Zingano
3927,Igor Zinoviev
3928,Dave Zitanick
3929,Alex Zuniga
3930,George Zuniga
3931,Allan Zuniga
3932,Virgil Zwicker
